error,prompt,model,system_prompt,category,is_error,attempts,final_score,evaluation_model,evaluation_feedback,output,elapsed_time,tokens_generated,tokens_prompt,tokens_total
,직장을 이번 달에 그만두고 아직 취업을 못 했어요. 다음 달부터는 건강보험료를 어떻게 내야 하나요?,gemma-3-12b-it-Q6_K,"[RAG 문서]
(keep '(근로자 이다 직업_종류와_관계없이_보수를_받아_생활하는_사람))

# NEO Knowledge Base Conversion System Prompt

## Introduction

The NEO knowledge base uses a structured list (S-expression) format to represent **facts** and **rules**, which are stored using a special `keep` command. In this format, each fact or rule is enclosed in parentheses as a list. **Rules** are expressed as two related lists sharing the same rule name: one list for the condition (preceded by `if`) and one for the conclusion (preceded by `then`). The system prompt will ensure that any Korean sentence input by a user is automatically converted into this NEO code format, following a strict set of guidelines. Below are the key requirements and conversion rules that the system prompt must enforce:

## Input Format: Korean Sentences

The input to the model will always be a natural language sentence in **Korean**. The system assumes the user’s query is given in Korean and is a simple declarative statement (either a factual statement or a general rule statement). For example, valid inputs might be `""펭귄은 새다""` (""Penguin is a bird"") or `""모든 새는 날 수 있다""` (""All birds can fly""). The prompt should explicitly note that it expects Korean sentences as input, with examples of the format.

## Output Format: NEO List Code

The model’s output **must be in NEO code**, i.e. in the form of lists (S-expressions) that represent the content of the sentence. The subject and predicate (and any object or complement) of the sentence are to be represented as a parenthesized list in the NEO syntax. In other words, the natural language input should be transformed into a **logical form list**. For example:

* Input `""펭귄은 새다""` (Penguin is a bird) should become the list `(펭귄 이다 새)`. Here `펭귄` (penguin) is the subject and `새` (bird) is the category or class, with the copula ""`이다`"" denoting the ""is-a"" relationship.
* Input `""제비는 날 수 있다""` (A swallow can fly) should become `(제비 can fly)`, representing that the subject *제비* (swallow) has the ability *fly*.

The prompt must ensure the output is **not natural language text** but strictly the NEO code representation of the sentence. All Korean entities and relations should be expressed in the list format using the appropriate symbols or English phrases as defined in the knowledge base. (For instance, the predicate `이다` is used for ""is a"" relations, and the phrase `can fly` is used to denote the ability ""날 수 있다"". Other abilities or relations may similarly be represented with English phrases for consistency.)

## Representing Facts with `keep`

If the input sentence is a **simple fact statement**, it should be output as a list wrapped with the `keep` command. A fact here means a basic statement that some individual has some property or belongs to some category (e.g. ""A is B"", or ""A can do X""). Since each fact is a unit of knowledge to be stored in the knowledge base, the `keep` command is used to save it. The general form is:

```
(keep '(...))
```

where the `...` is the list representing the fact. For example:

* Input: **""펭귄은 새다""** – a factual statement that a penguin is a bird.
  **Output:** `(keep '(펭귄 이다 새))`.
* Input: **""제비는 날 수 있다""** – a factual statement about a swallow’s ability.
  **Output:** `(keep '(제비 can fly))`.

In these outputs, the inner list `'(펭귄 이다 새)` or `'(제비 can fly)` is the actual knowledge being expressed, and the `keep '(... )` wrapper instructs NEO to store that fact in the knowledge base. No additional text or explanation accompanies the output – it is purely the code needed to record the fact.

## Representing Rules with If/Then Structure

If the input sentence expresses a **general rule or a conditional statement** (for example, sentences that imply ""all X have property Y"" or ""if X, then Y""), it must be converted into an **if/then rule structure** in NEO. Such a rule is represented by two lists: one for the **antecedent** (condition) and one for the **consequent** (result), each preceded by a shared rule name symbol. The conversion guidelines for rules are as follows:

* **Rule Naming:** Each rule is given a unique name, like `rule1`, `rule2`, etc. The rule name is consistent across the two parts of the rule, linking the `if` part and the `then` part as one rule. The prompt should specify that rule names are to be generated sequentially for each new rule sentence (e.g., the first rule encountered is rule1, the next rule2, and so on).

* **If (Condition) Part:** The condition of the rule corresponds to the premise of the natural sentence. This should be represented in a list following the `if` keyword. Each condition within the premise is converted to a list, using a variable in place of the specific subject. If the natural language implies multiple conditions, all those condition lists are included in the same `if` clause. For example, the sentence **""모든 새는 날 수 있다""** (""All birds can fly"") has the implicit premise ""if something is a bird"" – this is converted to the condition list `(?x 이다 새)` (where `?x` stands for an arbitrary instance of ""bird""). Another example, **""날 수 있는 동물은 새이다""** (""Any animal that can fly is a bird""), has a compound premise ""if something is an animal **and** (it) can fly"" – this yields two condition lists `(?x 이다 동물)` and `(?x can fly)` under the `if` clause. These condition lists are grouped together after the `if` in the rule.

* **Then (Conclusion) Part:** The conclusion of the rule is represented as a list following the `then` keyword, reflecting the outcome that holds when the condition is true. If there are multiple conclusions in the sentence, each would be listed in the `then` clause (though commonly there's one main conclusion). In our examples, for **""모든 새는 날 수 있다""**, the conclusion is that the entity can fly, represented as `(?x can fly)`. For **""날 수 있는 동물은 새이다""**, the conclusion is that the entity is a bird, represented as `(?x 이다 새)`. These follow the `then` in the rule.

* **Example – Complete Rule Conversion:**
  *Input:* ""모든 새는 날 수 있다.""
  *Output:*

  ```plaintext
  (keep '(rule1 if (?x 이다 새)))  
  (keep '(rule1 then (?x can fly)))  
  ```

  This corresponds to: If `?x` is a bird, **then** `?x` can fly. Both lines share the rule name `rule1`.
  *Another Input:* ""날 수 있는 동물은 새이다.""
  *Output:*

  ```plaintext
  (keep '(rule2 if (?x 이다 동물) (?x can fly)))  
  (keep '(rule2 then (?x 이다 새)))  
  ```

  This corresponds to: If `?x` is an animal **and** `?x` can fly, **then** `?x` is a bird. Here `rule2` is used for this second rule.

* **Use of Multiple Conditions/Conclusions:** NEO allows multiple conditions in the `if` part or multiple conclusions in the `then` part of a single rule if the sentence contains a compound premise or multiple outcomes. In the code, this is done by listing multiple condition lists after the `if` (and similarly multiple conclusion lists after the `then` if needed) within the same rule structure. The above example of the flying animal demonstrates multiple conditions in the `if` clause. If a sentence had multiple conclusions (e.g., ""If X, then Y and Z""), the `then` part would list both conclusion lists. The system prompt should mention that the model may encounter such cases and how to handle them (by including all relevant condition or conclusion lists after the appropriate keyword).

## Using Variables for General Statements

When converting general statements or rules, the prompt must enforce the use of **variables** like `?x`, `?y` in place of specific subjects or objects. These **binding variables** represent arbitrary instances of a concept in rules. The guideline is that the **same entity** mentioned in both the condition and conclusion of a rule should be represented by the **same variable** throughout that rule, to indicate they refer to the same thing. Different entities in the same sentence should use different variables (`?x`, `?y`, `?z`, etc.) as needed.

For example, in **""모든 새는 날 수 있다""**, an unspecified bird is represented as `?x` in both the `if` part (`(?x 이다 새)`) and the `then` part (`(?x can fly)`), linking the condition and conclusion to the same generic entity. The prompt should clearly instruct that the model replace concrete nouns with variables in rules, maintaining consistency (one variable per unique entity). In simple fact statements (like ""펭귄은 새다""), variables are not needed because the statement is about a specific individual (penguin), so the actual noun is used directly in the list.

## Output Restrictions: Code Only, No Explanatory Text

Critically, the system prompt must make it clear that **the model’s answer should contain only the converted NEO code, and nothing else**. This means the model should **not** produce any natural language explanation, comments, or additional clarification aside from the code itself. The output should be formatted as a snippet of code, ideally in a code block, containing one or more lines of NEO expressions. Each line should be a single complete `(keep '(...))` statement, and no line should contain anything outside of the parentheses besides the `keep` prefix. There should be no extra lines or blank lines either – just the code representation. For instance, if the input is ""펭귄은 새다"", the model’s entire answer should be something like:

```plaintext
(keep '(펭귄 이다 새))
```

Nothing before or after this line, no greeting, no explanation of what it means – only the code. Even if multiple lines are needed (as in the case of a rule with two lines), the response should still consist solely of those code lines, each properly formatted, and presented in a code block format for clarity. The prompt should explicitly warn the model *not* to output translations, descriptions, or any text except the NEO code itself.

## Scope Limitations and Exceptions

Finally, the system prompt should clarify that it deals **only with straightforward factual and rule-based sentences**. More complex or advanced sentences that go beyond simple facts or general implications are **out of scope** for this conversion. This includes things like function or object definitions in code, highly complex conditional statements, or any form of sentence that doesn’t fit the pattern of a basic assertion or a general rule. The prompt can assume that users will not provide such unsupported inputs. Therefore, the conversion rules above focus on common knowledge statements (facts) and general rules (universal statements or simple conditionals), and the model does not need to handle programming constructs or overly complicated sentences. By limiting the scope, the system ensures more accurate conversions for the intended types of input.

**In summary,** the system prompt must instruct the model to: take a Korean sentence, identify whether it states a simple fact or a general rule, then output the corresponding NEO knowledge base code using the correct list format. It should enforce the use of `keep` for storing facts, `if/then` structure with variables for rules, and strictly produce the code without any extra commentary. By adhering to all the above guidelines, the AI will consistently transform user inputs into the proper NEO knowledge base representation, enabling seamless building of a knowledge base from natural language statements.


---

## Output Restrictions: Code Only, No Explanatory Text

Critically, the system prompt must make it clear that **the model’s answer should contain only the converted NEO code, and nothing else**.
**Under no circumstances should the model output any natural language text, explanation, greeting, summary, translation, comment, or meta content. Only valid NEO code lines must be produced. Any non-code output is strictly prohibited.**

The output must consist of one or more lines of NEO expressions such as:

```plaintext
(keep '(펭귄 이다 새))
```

Each line must be a valid NEO expression using `(keep '(...))` or `(keep '(ruleN if ...))` / `(keep '(ruleN then ...))`.
No additional text, spacing, or context should appear before, after, or between these expressions.

---",상황기반_보험료질문,0,1,N/A,N/A,N/A,"직장을 그만두고 아직 취업 전이시라면, 다음 달부터 건강보험료 납부 방식이 달라집니다. 크게 두 가지 경우로 나누어 설명드리겠습니다.

**1. 임의계속 가입 (피부양자 자격 유지)**

*   **조건:** 퇴직 전 6개월 이상 건강보험 가입자였고, 소득이 일정 수준 이하인 경우 (2024년 기준 연간 소득 2,000만원 이하, 월 소득 166만 6천원 이하)
*   **납부 방식:**
    *   **본인 부담:** 퇴직 전 직장에서 피부양자로 등록되어 있었다면, 피부양자 자격으로 건강보험료를 납부합니다. 이 경우, 건강보험료는 직전 직장의 보험료 수준으로 유지됩니다.
    *   **임의계속 가입자 부담:** 퇴직 전 직장에서 보험 가입자 부담 수준으로 건강보험료를 납부했다면, 임의계속 가입자로서 보험 가입자 부담 수준으로 건강보험료를 납부하게 됩니다. 이 경우, 소득에 따라 보험료가 달라질 수 있습니다.
*   **신청:** 국민건강보험공단에 임의계속 가입 신청을 해야 합니다. 신청하지 않으면 자동적으로 직장 가입자에서 지역 가입자로 전환됩니다.
*   **주의사항:** 임의계속 가입 기간은 최대 36개월이며, 소득이 증가하면 피부양자 자격을 유지하기 어려워질 수 있습니다.

**2. 지역 가입자 전환**

*   **조건:** 임의계속 가입 요건을 충족하지 못하거나, 임의계속 가입 신청을 하지 않은 경우
*   **납부 방식:** 소득과 재산에 따라 건강보험료가 산정됩니다. 소득은 근로소득, 사업소득, 연금소득, 이자소득, 배당소득 등을 모두 합산하여 계산합니다. 재산은 토지, 건물, 주택, 차량 등을 기준으로 합니다.
*   **산정:** 국민건강보험공단 홈페이지 또는 앱에서 건강보험료 예상액을 확인할 수 있습니다. (국민건강보험공단 홈페이지: [https://www.nhis.or.kr/](https://www.nhis.",176.48539471626282,512.0,40.0,552.0
,지금은 아르바이트만 하고 있고 소득이 거의 없어요. 이런 경우에도 지역가입자로 보험료를 내야 하나요?,gemma-3-12b-it-Q6_K,"[RAG 문서]
(keep '(근로자 이다 직업_종류와_관계없이_보수를_받아_생활하는_사람))

# NEO Knowledge Base Conversion System Prompt

## Introduction

The NEO knowledge base uses a structured list (S-expression) format to represent **facts** and **rules**, which are stored using a special `keep` command. In this format, each fact or rule is enclosed in parentheses as a list. **Rules** are expressed as two related lists sharing the same rule name: one list for the condition (preceded by `if`) and one for the conclusion (preceded by `then`). The system prompt will ensure that any Korean sentence input by a user is automatically converted into this NEO code format, following a strict set of guidelines. Below are the key requirements and conversion rules that the system prompt must enforce:

## Input Format: Korean Sentences

The input to the model will always be a natural language sentence in **Korean**. The system assumes the user’s query is given in Korean and is a simple declarative statement (either a factual statement or a general rule statement). For example, valid inputs might be `""펭귄은 새다""` (""Penguin is a bird"") or `""모든 새는 날 수 있다""` (""All birds can fly""). The prompt should explicitly note that it expects Korean sentences as input, with examples of the format.

## Output Format: NEO List Code

The model’s output **must be in NEO code**, i.e. in the form of lists (S-expressions) that represent the content of the sentence. The subject and predicate (and any object or complement) of the sentence are to be represented as a parenthesized list in the NEO syntax. In other words, the natural language input should be transformed into a **logical form list**. For example:

* Input `""펭귄은 새다""` (Penguin is a bird) should become the list `(펭귄 이다 새)`. Here `펭귄` (penguin) is the subject and `새` (bird) is the category or class, with the copula ""`이다`"" denoting the ""is-a"" relationship.
* Input `""제비는 날 수 있다""` (A swallow can fly) should become `(제비 can fly)`, representing that the subject *제비* (swallow) has the ability *fly*.

The prompt must ensure the output is **not natural language text** but strictly the NEO code representation of the sentence. All Korean entities and relations should be expressed in the list format using the appropriate symbols or English phrases as defined in the knowledge base. (For instance, the predicate `이다` is used for ""is a"" relations, and the phrase `can fly` is used to denote the ability ""날 수 있다"". Other abilities or relations may similarly be represented with English phrases for consistency.)

## Representing Facts with `keep`

If the input sentence is a **simple fact statement**, it should be output as a list wrapped with the `keep` command. A fact here means a basic statement that some individual has some property or belongs to some category (e.g. ""A is B"", or ""A can do X""). Since each fact is a unit of knowledge to be stored in the knowledge base, the `keep` command is used to save it. The general form is:

```
(keep '(...))
```

where the `...` is the list representing the fact. For example:

* Input: **""펭귄은 새다""** – a factual statement that a penguin is a bird.
  **Output:** `(keep '(펭귄 이다 새))`.
* Input: **""제비는 날 수 있다""** – a factual statement about a swallow’s ability.
  **Output:** `(keep '(제비 can fly))`.

In these outputs, the inner list `'(펭귄 이다 새)` or `'(제비 can fly)` is the actual knowledge being expressed, and the `keep '(... )` wrapper instructs NEO to store that fact in the knowledge base. No additional text or explanation accompanies the output – it is purely the code needed to record the fact.

## Representing Rules with If/Then Structure

If the input sentence expresses a **general rule or a conditional statement** (for example, sentences that imply ""all X have property Y"" or ""if X, then Y""), it must be converted into an **if/then rule structure** in NEO. Such a rule is represented by two lists: one for the **antecedent** (condition) and one for the **consequent** (result), each preceded by a shared rule name symbol. The conversion guidelines for rules are as follows:

* **Rule Naming:** Each rule is given a unique name, like `rule1`, `rule2`, etc. The rule name is consistent across the two parts of the rule, linking the `if` part and the `then` part as one rule. The prompt should specify that rule names are to be generated sequentially for each new rule sentence (e.g., the first rule encountered is rule1, the next rule2, and so on).

* **If (Condition) Part:** The condition of the rule corresponds to the premise of the natural sentence. This should be represented in a list following the `if` keyword. Each condition within the premise is converted to a list, using a variable in place of the specific subject. If the natural language implies multiple conditions, all those condition lists are included in the same `if` clause. For example, the sentence **""모든 새는 날 수 있다""** (""All birds can fly"") has the implicit premise ""if something is a bird"" – this is converted to the condition list `(?x 이다 새)` (where `?x` stands for an arbitrary instance of ""bird""). Another example, **""날 수 있는 동물은 새이다""** (""Any animal that can fly is a bird""), has a compound premise ""if something is an animal **and** (it) can fly"" – this yields two condition lists `(?x 이다 동물)` and `(?x can fly)` under the `if` clause. These condition lists are grouped together after the `if` in the rule.

* **Then (Conclusion) Part:** The conclusion of the rule is represented as a list following the `then` keyword, reflecting the outcome that holds when the condition is true. If there are multiple conclusions in the sentence, each would be listed in the `then` clause (though commonly there's one main conclusion). In our examples, for **""모든 새는 날 수 있다""**, the conclusion is that the entity can fly, represented as `(?x can fly)`. For **""날 수 있는 동물은 새이다""**, the conclusion is that the entity is a bird, represented as `(?x 이다 새)`. These follow the `then` in the rule.

* **Example – Complete Rule Conversion:**
  *Input:* ""모든 새는 날 수 있다.""
  *Output:*

  ```plaintext
  (keep '(rule1 if (?x 이다 새)))  
  (keep '(rule1 then (?x can fly)))  
  ```

  This corresponds to: If `?x` is a bird, **then** `?x` can fly. Both lines share the rule name `rule1`.
  *Another Input:* ""날 수 있는 동물은 새이다.""
  *Output:*

  ```plaintext
  (keep '(rule2 if (?x 이다 동물) (?x can fly)))  
  (keep '(rule2 then (?x 이다 새)))  
  ```

  This corresponds to: If `?x` is an animal **and** `?x` can fly, **then** `?x` is a bird. Here `rule2` is used for this second rule.

* **Use of Multiple Conditions/Conclusions:** NEO allows multiple conditions in the `if` part or multiple conclusions in the `then` part of a single rule if the sentence contains a compound premise or multiple outcomes. In the code, this is done by listing multiple condition lists after the `if` (and similarly multiple conclusion lists after the `then` if needed) within the same rule structure. The above example of the flying animal demonstrates multiple conditions in the `if` clause. If a sentence had multiple conclusions (e.g., ""If X, then Y and Z""), the `then` part would list both conclusion lists. The system prompt should mention that the model may encounter such cases and how to handle them (by including all relevant condition or conclusion lists after the appropriate keyword).

## Using Variables for General Statements

When converting general statements or rules, the prompt must enforce the use of **variables** like `?x`, `?y` in place of specific subjects or objects. These **binding variables** represent arbitrary instances of a concept in rules. The guideline is that the **same entity** mentioned in both the condition and conclusion of a rule should be represented by the **same variable** throughout that rule, to indicate they refer to the same thing. Different entities in the same sentence should use different variables (`?x`, `?y`, `?z`, etc.) as needed.

For example, in **""모든 새는 날 수 있다""**, an unspecified bird is represented as `?x` in both the `if` part (`(?x 이다 새)`) and the `then` part (`(?x can fly)`), linking the condition and conclusion to the same generic entity. The prompt should clearly instruct that the model replace concrete nouns with variables in rules, maintaining consistency (one variable per unique entity). In simple fact statements (like ""펭귄은 새다""), variables are not needed because the statement is about a specific individual (penguin), so the actual noun is used directly in the list.

## Output Restrictions: Code Only, No Explanatory Text

Critically, the system prompt must make it clear that **the model’s answer should contain only the converted NEO code, and nothing else**. This means the model should **not** produce any natural language explanation, comments, or additional clarification aside from the code itself. The output should be formatted as a snippet of code, ideally in a code block, containing one or more lines of NEO expressions. Each line should be a single complete `(keep '(...))` statement, and no line should contain anything outside of the parentheses besides the `keep` prefix. There should be no extra lines or blank lines either – just the code representation. For instance, if the input is ""펭귄은 새다"", the model’s entire answer should be something like:

```plaintext
(keep '(펭귄 이다 새))
```

Nothing before or after this line, no greeting, no explanation of what it means – only the code. Even if multiple lines are needed (as in the case of a rule with two lines), the response should still consist solely of those code lines, each properly formatted, and presented in a code block format for clarity. The prompt should explicitly warn the model *not* to output translations, descriptions, or any text except the NEO code itself.

## Scope Limitations and Exceptions

Finally, the system prompt should clarify that it deals **only with straightforward factual and rule-based sentences**. More complex or advanced sentences that go beyond simple facts or general implications are **out of scope** for this conversion. This includes things like function or object definitions in code, highly complex conditional statements, or any form of sentence that doesn’t fit the pattern of a basic assertion or a general rule. The prompt can assume that users will not provide such unsupported inputs. Therefore, the conversion rules above focus on common knowledge statements (facts) and general rules (universal statements or simple conditionals), and the model does not need to handle programming constructs or overly complicated sentences. By limiting the scope, the system ensures more accurate conversions for the intended types of input.

**In summary,** the system prompt must instruct the model to: take a Korean sentence, identify whether it states a simple fact or a general rule, then output the corresponding NEO knowledge base code using the correct list format. It should enforce the use of `keep` for storing facts, `if/then` structure with variables for rules, and strictly produce the code without any extra commentary. By adhering to all the above guidelines, the AI will consistently transform user inputs into the proper NEO knowledge base representation, enabling seamless building of a knowledge base from natural language statements.


---

## Output Restrictions: Code Only, No Explanatory Text

Critically, the system prompt must make it clear that **the model’s answer should contain only the converted NEO code, and nothing else**.
**Under no circumstances should the model output any natural language text, explanation, greeting, summary, translation, comment, or meta content. Only valid NEO code lines must be produced. Any non-code output is strictly prohibited.**

The output must consist of one or more lines of NEO expressions such as:

```plaintext
(keep '(펭귄 이다 새))
```

Each line must be a valid NEO expression using `(keep '(...))` or `(keep '(ruleN if ...))` / `(keep '(ruleN then ...))`.
No additional text, spacing, or context should appear before, after, or between these expressions.

---",상황기반_보험료질문,0,1,N/A,N/A,N/A,"네, 아르바이트만 하고 소득이 거의 없더라도 지역 가입자로 분류되어 보험료를 내야 할 수 있습니다. 

**지역 가입자**는 직장가입자가 아닌 사람들을 말하며, 주로 자영업자, 무직자, 아르바이트생 등이 해당됩니다. 건강보험은 국민의료보험 가입 의무가 있기 때문에 소득이 없더라도 보험료를 납부해야 합니다.

다만, 소득이 없는 경우 **""무수입 지역가입자""**로 신고하여 보험료를 감경받을 수 있습니다. 무수입 지역가입자는 소득이 없는 경우, 보험료를 최소한으로 납부할 수 있습니다.

**무수입 지역가입자 신고 방법:**

1.  **소득 증빙 서류 준비:** 소득이 없음을 증명할 수 있는 서류 (예: 재산세 과세표준이 1억원 이하임을 증명하는 서류, 실업증명서, 휴직증명서 등)를 준비합니다.
2.  **건강보험공단 방문 또는 온라인 신청:** 가까운 건강보험공단 지사를 방문하거나 건강보험공단 홈페이지([https://www.nhis.or.kr/](https://www.nhis.or.kr/))를 통해 신청합니다.
3.  **신고 내용 확인:** 신고 시 소득이 없는 사실을 정확하게 기재하고, 필요한 서류를 제출합니다.

**주의사항:**

*   무수입 지역가입자로 신고한 후 소득이 발생하면 건강보험공단에 즉시 신고해야 합니다.
*   허위로 소득을 숨기고 무수입으로 신고할 경우, 보험료 미납으로 인한 불이익이 발생할 수 있습니다.

**참고 자료:**

*   **건강보험공단:** [https://www.nhis.or.kr/](https://www.nhis.or.kr/)
*   **국민건강보험 지역가입자 보험료 부과 기준:** [https://www.nhis.or.kr/main/main.do?jcode=NHIS001&pageId=000000000000000300000000](https://www.nhis.or.kr",156.89919424057007,512.0,40.0,552.0
,"연 소득이 100만 원도 안 되는 대학생인데, 부모님과 따로 살고 있어요. 이 경우 건강보험 피부양자로 인정받을 수 있나요?",gemma-3-12b-it-Q6_K,"[RAG 문서]
(keep '(근로자 이다 직업_종류와_관계없이_보수를_받아_생활하는_사람))

# NEO Knowledge Base Conversion System Prompt

## Introduction

The NEO knowledge base uses a structured list (S-expression) format to represent **facts** and **rules**, which are stored using a special `keep` command. In this format, each fact or rule is enclosed in parentheses as a list. **Rules** are expressed as two related lists sharing the same rule name: one list for the condition (preceded by `if`) and one for the conclusion (preceded by `then`). The system prompt will ensure that any Korean sentence input by a user is automatically converted into this NEO code format, following a strict set of guidelines. Below are the key requirements and conversion rules that the system prompt must enforce:

## Input Format: Korean Sentences

The input to the model will always be a natural language sentence in **Korean**. The system assumes the user’s query is given in Korean and is a simple declarative statement (either a factual statement or a general rule statement). For example, valid inputs might be `""펭귄은 새다""` (""Penguin is a bird"") or `""모든 새는 날 수 있다""` (""All birds can fly""). The prompt should explicitly note that it expects Korean sentences as input, with examples of the format.

## Output Format: NEO List Code

The model’s output **must be in NEO code**, i.e. in the form of lists (S-expressions) that represent the content of the sentence. The subject and predicate (and any object or complement) of the sentence are to be represented as a parenthesized list in the NEO syntax. In other words, the natural language input should be transformed into a **logical form list**. For example:

* Input `""펭귄은 새다""` (Penguin is a bird) should become the list `(펭귄 이다 새)`. Here `펭귄` (penguin) is the subject and `새` (bird) is the category or class, with the copula ""`이다`"" denoting the ""is-a"" relationship.
* Input `""제비는 날 수 있다""` (A swallow can fly) should become `(제비 can fly)`, representing that the subject *제비* (swallow) has the ability *fly*.

The prompt must ensure the output is **not natural language text** but strictly the NEO code representation of the sentence. All Korean entities and relations should be expressed in the list format using the appropriate symbols or English phrases as defined in the knowledge base. (For instance, the predicate `이다` is used for ""is a"" relations, and the phrase `can fly` is used to denote the ability ""날 수 있다"". Other abilities or relations may similarly be represented with English phrases for consistency.)

## Representing Facts with `keep`

If the input sentence is a **simple fact statement**, it should be output as a list wrapped with the `keep` command. A fact here means a basic statement that some individual has some property or belongs to some category (e.g. ""A is B"", or ""A can do X""). Since each fact is a unit of knowledge to be stored in the knowledge base, the `keep` command is used to save it. The general form is:

```
(keep '(...))
```

where the `...` is the list representing the fact. For example:

* Input: **""펭귄은 새다""** – a factual statement that a penguin is a bird.
  **Output:** `(keep '(펭귄 이다 새))`.
* Input: **""제비는 날 수 있다""** – a factual statement about a swallow’s ability.
  **Output:** `(keep '(제비 can fly))`.

In these outputs, the inner list `'(펭귄 이다 새)` or `'(제비 can fly)` is the actual knowledge being expressed, and the `keep '(... )` wrapper instructs NEO to store that fact in the knowledge base. No additional text or explanation accompanies the output – it is purely the code needed to record the fact.

## Representing Rules with If/Then Structure

If the input sentence expresses a **general rule or a conditional statement** (for example, sentences that imply ""all X have property Y"" or ""if X, then Y""), it must be converted into an **if/then rule structure** in NEO. Such a rule is represented by two lists: one for the **antecedent** (condition) and one for the **consequent** (result), each preceded by a shared rule name symbol. The conversion guidelines for rules are as follows:

* **Rule Naming:** Each rule is given a unique name, like `rule1`, `rule2`, etc. The rule name is consistent across the two parts of the rule, linking the `if` part and the `then` part as one rule. The prompt should specify that rule names are to be generated sequentially for each new rule sentence (e.g., the first rule encountered is rule1, the next rule2, and so on).

* **If (Condition) Part:** The condition of the rule corresponds to the premise of the natural sentence. This should be represented in a list following the `if` keyword. Each condition within the premise is converted to a list, using a variable in place of the specific subject. If the natural language implies multiple conditions, all those condition lists are included in the same `if` clause. For example, the sentence **""모든 새는 날 수 있다""** (""All birds can fly"") has the implicit premise ""if something is a bird"" – this is converted to the condition list `(?x 이다 새)` (where `?x` stands for an arbitrary instance of ""bird""). Another example, **""날 수 있는 동물은 새이다""** (""Any animal that can fly is a bird""), has a compound premise ""if something is an animal **and** (it) can fly"" – this yields two condition lists `(?x 이다 동물)` and `(?x can fly)` under the `if` clause. These condition lists are grouped together after the `if` in the rule.

* **Then (Conclusion) Part:** The conclusion of the rule is represented as a list following the `then` keyword, reflecting the outcome that holds when the condition is true. If there are multiple conclusions in the sentence, each would be listed in the `then` clause (though commonly there's one main conclusion). In our examples, for **""모든 새는 날 수 있다""**, the conclusion is that the entity can fly, represented as `(?x can fly)`. For **""날 수 있는 동물은 새이다""**, the conclusion is that the entity is a bird, represented as `(?x 이다 새)`. These follow the `then` in the rule.

* **Example – Complete Rule Conversion:**
  *Input:* ""모든 새는 날 수 있다.""
  *Output:*

  ```plaintext
  (keep '(rule1 if (?x 이다 새)))  
  (keep '(rule1 then (?x can fly)))  
  ```

  This corresponds to: If `?x` is a bird, **then** `?x` can fly. Both lines share the rule name `rule1`.
  *Another Input:* ""날 수 있는 동물은 새이다.""
  *Output:*

  ```plaintext
  (keep '(rule2 if (?x 이다 동물) (?x can fly)))  
  (keep '(rule2 then (?x 이다 새)))  
  ```

  This corresponds to: If `?x` is an animal **and** `?x` can fly, **then** `?x` is a bird. Here `rule2` is used for this second rule.

* **Use of Multiple Conditions/Conclusions:** NEO allows multiple conditions in the `if` part or multiple conclusions in the `then` part of a single rule if the sentence contains a compound premise or multiple outcomes. In the code, this is done by listing multiple condition lists after the `if` (and similarly multiple conclusion lists after the `then` if needed) within the same rule structure. The above example of the flying animal demonstrates multiple conditions in the `if` clause. If a sentence had multiple conclusions (e.g., ""If X, then Y and Z""), the `then` part would list both conclusion lists. The system prompt should mention that the model may encounter such cases and how to handle them (by including all relevant condition or conclusion lists after the appropriate keyword).

## Using Variables for General Statements

When converting general statements or rules, the prompt must enforce the use of **variables** like `?x`, `?y` in place of specific subjects or objects. These **binding variables** represent arbitrary instances of a concept in rules. The guideline is that the **same entity** mentioned in both the condition and conclusion of a rule should be represented by the **same variable** throughout that rule, to indicate they refer to the same thing. Different entities in the same sentence should use different variables (`?x`, `?y`, `?z`, etc.) as needed.

For example, in **""모든 새는 날 수 있다""**, an unspecified bird is represented as `?x` in both the `if` part (`(?x 이다 새)`) and the `then` part (`(?x can fly)`), linking the condition and conclusion to the same generic entity. The prompt should clearly instruct that the model replace concrete nouns with variables in rules, maintaining consistency (one variable per unique entity). In simple fact statements (like ""펭귄은 새다""), variables are not needed because the statement is about a specific individual (penguin), so the actual noun is used directly in the list.

## Output Restrictions: Code Only, No Explanatory Text

Critically, the system prompt must make it clear that **the model’s answer should contain only the converted NEO code, and nothing else**. This means the model should **not** produce any natural language explanation, comments, or additional clarification aside from the code itself. The output should be formatted as a snippet of code, ideally in a code block, containing one or more lines of NEO expressions. Each line should be a single complete `(keep '(...))` statement, and no line should contain anything outside of the parentheses besides the `keep` prefix. There should be no extra lines or blank lines either – just the code representation. For instance, if the input is ""펭귄은 새다"", the model’s entire answer should be something like:

```plaintext
(keep '(펭귄 이다 새))
```

Nothing before or after this line, no greeting, no explanation of what it means – only the code. Even if multiple lines are needed (as in the case of a rule with two lines), the response should still consist solely of those code lines, each properly formatted, and presented in a code block format for clarity. The prompt should explicitly warn the model *not* to output translations, descriptions, or any text except the NEO code itself.

## Scope Limitations and Exceptions

Finally, the system prompt should clarify that it deals **only with straightforward factual and rule-based sentences**. More complex or advanced sentences that go beyond simple facts or general implications are **out of scope** for this conversion. This includes things like function or object definitions in code, highly complex conditional statements, or any form of sentence that doesn’t fit the pattern of a basic assertion or a general rule. The prompt can assume that users will not provide such unsupported inputs. Therefore, the conversion rules above focus on common knowledge statements (facts) and general rules (universal statements or simple conditionals), and the model does not need to handle programming constructs or overly complicated sentences. By limiting the scope, the system ensures more accurate conversions for the intended types of input.

**In summary,** the system prompt must instruct the model to: take a Korean sentence, identify whether it states a simple fact or a general rule, then output the corresponding NEO knowledge base code using the correct list format. It should enforce the use of `keep` for storing facts, `if/then` structure with variables for rules, and strictly produce the code without any extra commentary. By adhering to all the above guidelines, the AI will consistently transform user inputs into the proper NEO knowledge base representation, enabling seamless building of a knowledge base from natural language statements.


---

## Output Restrictions: Code Only, No Explanatory Text

Critically, the system prompt must make it clear that **the model’s answer should contain only the converted NEO code, and nothing else**.
**Under no circumstances should the model output any natural language text, explanation, greeting, summary, translation, comment, or meta content. Only valid NEO code lines must be produced. Any non-code output is strictly prohibited.**

The output must consist of one or more lines of NEO expressions such as:

```plaintext
(keep '(펭귄 이다 새))
```

Each line must be a valid NEO expression using `(keep '(...))` or `(keep '(ruleN if ...))` / `(keep '(ruleN then ...))`.
No additional text, spacing, or context should appear before, after, or between these expressions.

---",상황기반_보험료질문,0,1,N/A,N/A,N/A,"네, 연 소득이 100만 원도 안 되는 대학생이 부모님과 따로 살더라도 건강보험 피부양자로 인정받을 수 있습니다. 다만, 몇 가지 조건이 있습니다.

**피부양자 인정 조건 (2024년 기준):**

*   **소득 요건:** 연간 소득이 2,000만 원 미만이어야 합니다. (2024년 기준)
*   **재산 요건:** 재산세 과세표준 합계액이 4억 원 미만이어야 합니다.
*   **부모님과의 관계:** 직계존속(부모님)의 건강보험 가입자 또는 피부양자이어야 합니다.
*   **동거 여부:** 부모님과 동거하지 않더라도 피부양자로 인정받을 수 있습니다. 다만, 소득 및 재산 요건을 충족해야 합니다.
*   **취업 여부:** 전일제 학생이거나, 주 15시간 미만으로 일하는 경우에 해당됩니다.

**주의사항:**

*   **소득 증빙:** 소득이 100만 원도 안 된다는 것을 증명할 수 있는 자료(예: 은행 거래 내역, 급여명세서 등)를 준비해야 합니다.
*   **재산 증빙:** 재산세 과세표준이 4억 원 미만임을 증명할 수 있는 자료(예: 재산세 납부 영수증)를 준비해야 합니다.
*   **국민건강보험공단 확인:** 정확한 정보는 국민건강보험공단(1577-1000)에 문의하거나, 건강보험공단 홈페이지([https://www.nhis.or.kr/](https://www.nhis.or.kr/))에서 확인하는 것이 좋습니다.

**결론:**

연 소득이 100만 원도 안 되고, 재산 요건도 충족한다면 부모님과 따로 살더라도 건강보험 피부양자로 인정받을 수 있습니다. 다만, 소득 및 재산 증빙 자료를 준비하고, 국민건강보험공단에 문의하여 정확한 정보를 확인하는 것이 중요합니다.",142.65800166130066,488.0,49.0,537.0
,"부모님이 국민연금만 받으면서 사시고, 다른 소득이 없어요. 제가 부모님을 피부양자로 등록하려면 어떤 조건이 필요한가요?",gemma-3-12b-it-Q6_K,"[RAG 문서]
(keep '(근로자 이다 직업_종류와_관계없이_보수를_받아_생활하는_사람))

# NEO Knowledge Base Conversion System Prompt

## Introduction

The NEO knowledge base uses a structured list (S-expression) format to represent **facts** and **rules**, which are stored using a special `keep` command. In this format, each fact or rule is enclosed in parentheses as a list. **Rules** are expressed as two related lists sharing the same rule name: one list for the condition (preceded by `if`) and one for the conclusion (preceded by `then`). The system prompt will ensure that any Korean sentence input by a user is automatically converted into this NEO code format, following a strict set of guidelines. Below are the key requirements and conversion rules that the system prompt must enforce:

## Input Format: Korean Sentences

The input to the model will always be a natural language sentence in **Korean**. The system assumes the user’s query is given in Korean and is a simple declarative statement (either a factual statement or a general rule statement). For example, valid inputs might be `""펭귄은 새다""` (""Penguin is a bird"") or `""모든 새는 날 수 있다""` (""All birds can fly""). The prompt should explicitly note that it expects Korean sentences as input, with examples of the format.

## Output Format: NEO List Code

The model’s output **must be in NEO code**, i.e. in the form of lists (S-expressions) that represent the content of the sentence. The subject and predicate (and any object or complement) of the sentence are to be represented as a parenthesized list in the NEO syntax. In other words, the natural language input should be transformed into a **logical form list**. For example:

* Input `""펭귄은 새다""` (Penguin is a bird) should become the list `(펭귄 이다 새)`. Here `펭귄` (penguin) is the subject and `새` (bird) is the category or class, with the copula ""`이다`"" denoting the ""is-a"" relationship.
* Input `""제비는 날 수 있다""` (A swallow can fly) should become `(제비 can fly)`, representing that the subject *제비* (swallow) has the ability *fly*.

The prompt must ensure the output is **not natural language text** but strictly the NEO code representation of the sentence. All Korean entities and relations should be expressed in the list format using the appropriate symbols or English phrases as defined in the knowledge base. (For instance, the predicate `이다` is used for ""is a"" relations, and the phrase `can fly` is used to denote the ability ""날 수 있다"". Other abilities or relations may similarly be represented with English phrases for consistency.)

## Representing Facts with `keep`

If the input sentence is a **simple fact statement**, it should be output as a list wrapped with the `keep` command. A fact here means a basic statement that some individual has some property or belongs to some category (e.g. ""A is B"", or ""A can do X""). Since each fact is a unit of knowledge to be stored in the knowledge base, the `keep` command is used to save it. The general form is:

```
(keep '(...))
```

where the `...` is the list representing the fact. For example:

* Input: **""펭귄은 새다""** – a factual statement that a penguin is a bird.
  **Output:** `(keep '(펭귄 이다 새))`.
* Input: **""제비는 날 수 있다""** – a factual statement about a swallow’s ability.
  **Output:** `(keep '(제비 can fly))`.

In these outputs, the inner list `'(펭귄 이다 새)` or `'(제비 can fly)` is the actual knowledge being expressed, and the `keep '(... )` wrapper instructs NEO to store that fact in the knowledge base. No additional text or explanation accompanies the output – it is purely the code needed to record the fact.

## Representing Rules with If/Then Structure

If the input sentence expresses a **general rule or a conditional statement** (for example, sentences that imply ""all X have property Y"" or ""if X, then Y""), it must be converted into an **if/then rule structure** in NEO. Such a rule is represented by two lists: one for the **antecedent** (condition) and one for the **consequent** (result), each preceded by a shared rule name symbol. The conversion guidelines for rules are as follows:

* **Rule Naming:** Each rule is given a unique name, like `rule1`, `rule2`, etc. The rule name is consistent across the two parts of the rule, linking the `if` part and the `then` part as one rule. The prompt should specify that rule names are to be generated sequentially for each new rule sentence (e.g., the first rule encountered is rule1, the next rule2, and so on).

* **If (Condition) Part:** The condition of the rule corresponds to the premise of the natural sentence. This should be represented in a list following the `if` keyword. Each condition within the premise is converted to a list, using a variable in place of the specific subject. If the natural language implies multiple conditions, all those condition lists are included in the same `if` clause. For example, the sentence **""모든 새는 날 수 있다""** (""All birds can fly"") has the implicit premise ""if something is a bird"" – this is converted to the condition list `(?x 이다 새)` (where `?x` stands for an arbitrary instance of ""bird""). Another example, **""날 수 있는 동물은 새이다""** (""Any animal that can fly is a bird""), has a compound premise ""if something is an animal **and** (it) can fly"" – this yields two condition lists `(?x 이다 동물)` and `(?x can fly)` under the `if` clause. These condition lists are grouped together after the `if` in the rule.

* **Then (Conclusion) Part:** The conclusion of the rule is represented as a list following the `then` keyword, reflecting the outcome that holds when the condition is true. If there are multiple conclusions in the sentence, each would be listed in the `then` clause (though commonly there's one main conclusion). In our examples, for **""모든 새는 날 수 있다""**, the conclusion is that the entity can fly, represented as `(?x can fly)`. For **""날 수 있는 동물은 새이다""**, the conclusion is that the entity is a bird, represented as `(?x 이다 새)`. These follow the `then` in the rule.

* **Example – Complete Rule Conversion:**
  *Input:* ""모든 새는 날 수 있다.""
  *Output:*

  ```plaintext
  (keep '(rule1 if (?x 이다 새)))  
  (keep '(rule1 then (?x can fly)))  
  ```

  This corresponds to: If `?x` is a bird, **then** `?x` can fly. Both lines share the rule name `rule1`.
  *Another Input:* ""날 수 있는 동물은 새이다.""
  *Output:*

  ```plaintext
  (keep '(rule2 if (?x 이다 동물) (?x can fly)))  
  (keep '(rule2 then (?x 이다 새)))  
  ```

  This corresponds to: If `?x` is an animal **and** `?x` can fly, **then** `?x` is a bird. Here `rule2` is used for this second rule.

* **Use of Multiple Conditions/Conclusions:** NEO allows multiple conditions in the `if` part or multiple conclusions in the `then` part of a single rule if the sentence contains a compound premise or multiple outcomes. In the code, this is done by listing multiple condition lists after the `if` (and similarly multiple conclusion lists after the `then` if needed) within the same rule structure. The above example of the flying animal demonstrates multiple conditions in the `if` clause. If a sentence had multiple conclusions (e.g., ""If X, then Y and Z""), the `then` part would list both conclusion lists. The system prompt should mention that the model may encounter such cases and how to handle them (by including all relevant condition or conclusion lists after the appropriate keyword).

## Using Variables for General Statements

When converting general statements or rules, the prompt must enforce the use of **variables** like `?x`, `?y` in place of specific subjects or objects. These **binding variables** represent arbitrary instances of a concept in rules. The guideline is that the **same entity** mentioned in both the condition and conclusion of a rule should be represented by the **same variable** throughout that rule, to indicate they refer to the same thing. Different entities in the same sentence should use different variables (`?x`, `?y`, `?z`, etc.) as needed.

For example, in **""모든 새는 날 수 있다""**, an unspecified bird is represented as `?x` in both the `if` part (`(?x 이다 새)`) and the `then` part (`(?x can fly)`), linking the condition and conclusion to the same generic entity. The prompt should clearly instruct that the model replace concrete nouns with variables in rules, maintaining consistency (one variable per unique entity). In simple fact statements (like ""펭귄은 새다""), variables are not needed because the statement is about a specific individual (penguin), so the actual noun is used directly in the list.

## Output Restrictions: Code Only, No Explanatory Text

Critically, the system prompt must make it clear that **the model’s answer should contain only the converted NEO code, and nothing else**. This means the model should **not** produce any natural language explanation, comments, or additional clarification aside from the code itself. The output should be formatted as a snippet of code, ideally in a code block, containing one or more lines of NEO expressions. Each line should be a single complete `(keep '(...))` statement, and no line should contain anything outside of the parentheses besides the `keep` prefix. There should be no extra lines or blank lines either – just the code representation. For instance, if the input is ""펭귄은 새다"", the model’s entire answer should be something like:

```plaintext
(keep '(펭귄 이다 새))
```

Nothing before or after this line, no greeting, no explanation of what it means – only the code. Even if multiple lines are needed (as in the case of a rule with two lines), the response should still consist solely of those code lines, each properly formatted, and presented in a code block format for clarity. The prompt should explicitly warn the model *not* to output translations, descriptions, or any text except the NEO code itself.

## Scope Limitations and Exceptions

Finally, the system prompt should clarify that it deals **only with straightforward factual and rule-based sentences**. More complex or advanced sentences that go beyond simple facts or general implications are **out of scope** for this conversion. This includes things like function or object definitions in code, highly complex conditional statements, or any form of sentence that doesn’t fit the pattern of a basic assertion or a general rule. The prompt can assume that users will not provide such unsupported inputs. Therefore, the conversion rules above focus on common knowledge statements (facts) and general rules (universal statements or simple conditionals), and the model does not need to handle programming constructs or overly complicated sentences. By limiting the scope, the system ensures more accurate conversions for the intended types of input.

**In summary,** the system prompt must instruct the model to: take a Korean sentence, identify whether it states a simple fact or a general rule, then output the corresponding NEO knowledge base code using the correct list format. It should enforce the use of `keep` for storing facts, `if/then` structure with variables for rules, and strictly produce the code without any extra commentary. By adhering to all the above guidelines, the AI will consistently transform user inputs into the proper NEO knowledge base representation, enabling seamless building of a knowledge base from natural language statements.


---

## Output Restrictions: Code Only, No Explanatory Text

Critically, the system prompt must make it clear that **the model’s answer should contain only the converted NEO code, and nothing else**.
**Under no circumstances should the model output any natural language text, explanation, greeting, summary, translation, comment, or meta content. Only valid NEO code lines must be produced. Any non-code output is strictly prohibited.**

The output must consist of one or more lines of NEO expressions such as:

```plaintext
(keep '(펭귄 이다 새))
```

Each line must be a valid NEO expression using `(keep '(...))` or `(keep '(ruleN if ...))` / `(keep '(ruleN then ...))`.
No additional text, spacing, or context should appear before, after, or between these expressions.

---",상황기반_보험료질문,0,1,N/A,N/A,N/A,"부모님이 국민연금만 받으시는 경우, 자녀가 부모님을 피부양자로 등록하기 위해서는 몇 가지 조건을 충족해야 합니다. 다음은 주요 조건과 추가적으로 고려해야 할 사항입니다.

**1. 소득 요건:**

*   **자녀의 소득:** 자녀의 소득이 연간 1,000만 원 이하 (월 83만 3,333원 이하)여야 합니다. 상여금, 일시금 등도 포함됩니다.
*   **부모님의 소득:** 부모님의 소득은 다음과 같습니다.
    *   **국민연금:** 국민연금 수령액이 연간 200만 원 이하 (월 약 16만 6,667원 이하)여야 합니다.
    *   **기타 소득:** 이자, 배당, 임대 소득 등 기타 소득이 없는 것이 원칙입니다. 만약 기타 소득이 있다면, 합산하여 연간 250만 원 (월 약 20만 8,333원)을 초과해서는 안 됩니다.

**2. 관계 요건:**

*   **피부양자 관계:** 부모님은 자녀의 직계존속이어야 합니다.
*   **동거 여부:** 부모님과 자녀가 함께 거주해야 합니다. 별도로 거주하는 경우에는 예외적으로 피부양자로 등록할 수 있지만, 특별한 사유가 있어야 하며 세무서장의 사전 승인을 받아야 합니다.

**3. 재산 요건:**

*   **부모님의 재산:** 부모님의 재산세 합계액이 5억 원 이하이어야 합니다. (자동차, 주택 등 모든 재산을 합산)

**4. 추가 고려 사항:**

*   **국민연금 하락:** 국민연금 수령액이 200만 원을 초과하는 경우, 피부양자 등록이 어려울 수 있습니다. 이 경우, 국민연금 하락 신청을 통해 수령액을 조정하면 피부양자 등록이 가능할 수도 있습니다.
*   **소득 증빙:** 부모님과 자녀 모두 소득 증빙 서류를 준비해야 합니다. (국민연금 가 지급명세서, 소득금액증명원 등",141.78082299232483,512.0,46.0,558.0
,"남편이 직장가입자인데, 저는 소득이 없는 프리랜서예요. 남편의 피부양자로 들어갈 수 있나요?",gemma-3-12b-it-Q6_K,"[RAG 문서]
(keep '(근로자 이다 직업_종류와_관계없이_보수를_받아_생활하는_사람))

# NEO Knowledge Base Conversion System Prompt

## Introduction

The NEO knowledge base uses a structured list (S-expression) format to represent **facts** and **rules**, which are stored using a special `keep` command. In this format, each fact or rule is enclosed in parentheses as a list. **Rules** are expressed as two related lists sharing the same rule name: one list for the condition (preceded by `if`) and one for the conclusion (preceded by `then`). The system prompt will ensure that any Korean sentence input by a user is automatically converted into this NEO code format, following a strict set of guidelines. Below are the key requirements and conversion rules that the system prompt must enforce:

## Input Format: Korean Sentences

The input to the model will always be a natural language sentence in **Korean**. The system assumes the user’s query is given in Korean and is a simple declarative statement (either a factual statement or a general rule statement). For example, valid inputs might be `""펭귄은 새다""` (""Penguin is a bird"") or `""모든 새는 날 수 있다""` (""All birds can fly""). The prompt should explicitly note that it expects Korean sentences as input, with examples of the format.

## Output Format: NEO List Code

The model’s output **must be in NEO code**, i.e. in the form of lists (S-expressions) that represent the content of the sentence. The subject and predicate (and any object or complement) of the sentence are to be represented as a parenthesized list in the NEO syntax. In other words, the natural language input should be transformed into a **logical form list**. For example:

* Input `""펭귄은 새다""` (Penguin is a bird) should become the list `(펭귄 이다 새)`. Here `펭귄` (penguin) is the subject and `새` (bird) is the category or class, with the copula ""`이다`"" denoting the ""is-a"" relationship.
* Input `""제비는 날 수 있다""` (A swallow can fly) should become `(제비 can fly)`, representing that the subject *제비* (swallow) has the ability *fly*.

The prompt must ensure the output is **not natural language text** but strictly the NEO code representation of the sentence. All Korean entities and relations should be expressed in the list format using the appropriate symbols or English phrases as defined in the knowledge base. (For instance, the predicate `이다` is used for ""is a"" relations, and the phrase `can fly` is used to denote the ability ""날 수 있다"". Other abilities or relations may similarly be represented with English phrases for consistency.)

## Representing Facts with `keep`

If the input sentence is a **simple fact statement**, it should be output as a list wrapped with the `keep` command. A fact here means a basic statement that some individual has some property or belongs to some category (e.g. ""A is B"", or ""A can do X""). Since each fact is a unit of knowledge to be stored in the knowledge base, the `keep` command is used to save it. The general form is:

```
(keep '(...))
```

where the `...` is the list representing the fact. For example:

* Input: **""펭귄은 새다""** – a factual statement that a penguin is a bird.
  **Output:** `(keep '(펭귄 이다 새))`.
* Input: **""제비는 날 수 있다""** – a factual statement about a swallow’s ability.
  **Output:** `(keep '(제비 can fly))`.

In these outputs, the inner list `'(펭귄 이다 새)` or `'(제비 can fly)` is the actual knowledge being expressed, and the `keep '(... )` wrapper instructs NEO to store that fact in the knowledge base. No additional text or explanation accompanies the output – it is purely the code needed to record the fact.

## Representing Rules with If/Then Structure

If the input sentence expresses a **general rule or a conditional statement** (for example, sentences that imply ""all X have property Y"" or ""if X, then Y""), it must be converted into an **if/then rule structure** in NEO. Such a rule is represented by two lists: one for the **antecedent** (condition) and one for the **consequent** (result), each preceded by a shared rule name symbol. The conversion guidelines for rules are as follows:

* **Rule Naming:** Each rule is given a unique name, like `rule1`, `rule2`, etc. The rule name is consistent across the two parts of the rule, linking the `if` part and the `then` part as one rule. The prompt should specify that rule names are to be generated sequentially for each new rule sentence (e.g., the first rule encountered is rule1, the next rule2, and so on).

* **If (Condition) Part:** The condition of the rule corresponds to the premise of the natural sentence. This should be represented in a list following the `if` keyword. Each condition within the premise is converted to a list, using a variable in place of the specific subject. If the natural language implies multiple conditions, all those condition lists are included in the same `if` clause. For example, the sentence **""모든 새는 날 수 있다""** (""All birds can fly"") has the implicit premise ""if something is a bird"" – this is converted to the condition list `(?x 이다 새)` (where `?x` stands for an arbitrary instance of ""bird""). Another example, **""날 수 있는 동물은 새이다""** (""Any animal that can fly is a bird""), has a compound premise ""if something is an animal **and** (it) can fly"" – this yields two condition lists `(?x 이다 동물)` and `(?x can fly)` under the `if` clause. These condition lists are grouped together after the `if` in the rule.

* **Then (Conclusion) Part:** The conclusion of the rule is represented as a list following the `then` keyword, reflecting the outcome that holds when the condition is true. If there are multiple conclusions in the sentence, each would be listed in the `then` clause (though commonly there's one main conclusion). In our examples, for **""모든 새는 날 수 있다""**, the conclusion is that the entity can fly, represented as `(?x can fly)`. For **""날 수 있는 동물은 새이다""**, the conclusion is that the entity is a bird, represented as `(?x 이다 새)`. These follow the `then` in the rule.

* **Example – Complete Rule Conversion:**
  *Input:* ""모든 새는 날 수 있다.""
  *Output:*

  ```plaintext
  (keep '(rule1 if (?x 이다 새)))  
  (keep '(rule1 then (?x can fly)))  
  ```

  This corresponds to: If `?x` is a bird, **then** `?x` can fly. Both lines share the rule name `rule1`.
  *Another Input:* ""날 수 있는 동물은 새이다.""
  *Output:*

  ```plaintext
  (keep '(rule2 if (?x 이다 동물) (?x can fly)))  
  (keep '(rule2 then (?x 이다 새)))  
  ```

  This corresponds to: If `?x` is an animal **and** `?x` can fly, **then** `?x` is a bird. Here `rule2` is used for this second rule.

* **Use of Multiple Conditions/Conclusions:** NEO allows multiple conditions in the `if` part or multiple conclusions in the `then` part of a single rule if the sentence contains a compound premise or multiple outcomes. In the code, this is done by listing multiple condition lists after the `if` (and similarly multiple conclusion lists after the `then` if needed) within the same rule structure. The above example of the flying animal demonstrates multiple conditions in the `if` clause. If a sentence had multiple conclusions (e.g., ""If X, then Y and Z""), the `then` part would list both conclusion lists. The system prompt should mention that the model may encounter such cases and how to handle them (by including all relevant condition or conclusion lists after the appropriate keyword).

## Using Variables for General Statements

When converting general statements or rules, the prompt must enforce the use of **variables** like `?x`, `?y` in place of specific subjects or objects. These **binding variables** represent arbitrary instances of a concept in rules. The guideline is that the **same entity** mentioned in both the condition and conclusion of a rule should be represented by the **same variable** throughout that rule, to indicate they refer to the same thing. Different entities in the same sentence should use different variables (`?x`, `?y`, `?z`, etc.) as needed.

For example, in **""모든 새는 날 수 있다""**, an unspecified bird is represented as `?x` in both the `if` part (`(?x 이다 새)`) and the `then` part (`(?x can fly)`), linking the condition and conclusion to the same generic entity. The prompt should clearly instruct that the model replace concrete nouns with variables in rules, maintaining consistency (one variable per unique entity). In simple fact statements (like ""펭귄은 새다""), variables are not needed because the statement is about a specific individual (penguin), so the actual noun is used directly in the list.

## Output Restrictions: Code Only, No Explanatory Text

Critically, the system prompt must make it clear that **the model’s answer should contain only the converted NEO code, and nothing else**. This means the model should **not** produce any natural language explanation, comments, or additional clarification aside from the code itself. The output should be formatted as a snippet of code, ideally in a code block, containing one or more lines of NEO expressions. Each line should be a single complete `(keep '(...))` statement, and no line should contain anything outside of the parentheses besides the `keep` prefix. There should be no extra lines or blank lines either – just the code representation. For instance, if the input is ""펭귄은 새다"", the model’s entire answer should be something like:

```plaintext
(keep '(펭귄 이다 새))
```

Nothing before or after this line, no greeting, no explanation of what it means – only the code. Even if multiple lines are needed (as in the case of a rule with two lines), the response should still consist solely of those code lines, each properly formatted, and presented in a code block format for clarity. The prompt should explicitly warn the model *not* to output translations, descriptions, or any text except the NEO code itself.

## Scope Limitations and Exceptions

Finally, the system prompt should clarify that it deals **only with straightforward factual and rule-based sentences**. More complex or advanced sentences that go beyond simple facts or general implications are **out of scope** for this conversion. This includes things like function or object definitions in code, highly complex conditional statements, or any form of sentence that doesn’t fit the pattern of a basic assertion or a general rule. The prompt can assume that users will not provide such unsupported inputs. Therefore, the conversion rules above focus on common knowledge statements (facts) and general rules (universal statements or simple conditionals), and the model does not need to handle programming constructs or overly complicated sentences. By limiting the scope, the system ensures more accurate conversions for the intended types of input.

**In summary,** the system prompt must instruct the model to: take a Korean sentence, identify whether it states a simple fact or a general rule, then output the corresponding NEO knowledge base code using the correct list format. It should enforce the use of `keep` for storing facts, `if/then` structure with variables for rules, and strictly produce the code without any extra commentary. By adhering to all the above guidelines, the AI will consistently transform user inputs into the proper NEO knowledge base representation, enabling seamless building of a knowledge base from natural language statements.


---

## Output Restrictions: Code Only, No Explanatory Text

Critically, the system prompt must make it clear that **the model’s answer should contain only the converted NEO code, and nothing else**.
**Under no circumstances should the model output any natural language text, explanation, greeting, summary, translation, comment, or meta content. Only valid NEO code lines must be produced. Any non-code output is strictly prohibited.**

The output must consist of one or more lines of NEO expressions such as:

```plaintext
(keep '(펭귄 이다 새))
```

Each line must be a valid NEO expression using `(keep '(...))` or `(keep '(ruleN if ...))` / `(keep '(ruleN then ...))`.
No additional text, spacing, or context should appear before, after, or between these expressions.

---",상황기반_보험료질문,0,1,N/A,N/A,N/A,"남편이 직장가입자이고, 질문자님께서 소득이 없는 프리랜서이시라면 피부양자로 등록될 수 있는지 여부는 몇 가지 요건을 충족해야 합니다. 핵심은 **소득 요건**과 **재산 요건**입니다.

**1. 소득 요건:**

*   **소득금액의 합:** 부부의 전체 소득금액 합이 연간 1,500만 원 이하(2024년 기준)이어야 합니다. 질문자님은 소득이 없으므로 남편의 소득만 고려하면 됩니다.
*   **소득세 과세표준:** 부부의 전체 소득세 과세표준 합이 연간 1,000만 원 이하(2024년 기준)여야 합니다. 소득세 과세표준은 소득금액에서 각종 공제액을 뺀 금액입니다.

**2. 재산 요건:**

*   **총 재산액:** 부부의 총 재산액(부동산, 예금, 주식 등)이 연간 5억 원 이하(2024년 기준)이어야 합니다.

**3. 기타 요건:**

*   **생계비:** 부부의 생계를 함께 유지해야 합니다.
*   **동거:** 부부가 동거해야 합니다.
*   **피부양자 자격 제한:** 만 18세 이상, 자동차 소유, 고용보험 가입 등 다른 피부양자 자격 제한 사항에 해당하지 않아야 합니다. (자세한 내용은 아래 '참고 사항'을 확인하세요.)

**결론:**

질문자님의 소득이 없으므로, 남편의 소득과 재산을 기준으로 피부양자 요건을 충족하는지 확인해야 합니다. 위에서 언급한 소득, 재산 요건을 모두 충족하고, 기타 요건에도 해당하지 않는다면 남편의 피부양자로 등록될 수 있습니다.

**참고 사항:**

*   **피부양자 자격 제한 (2024년 기준):**
    *   만 18세 이상
    *   자동차 소유 (종합공제액 250만 원 초과)
    *   고용보험 가입 (피보험자가 아닌 경우)
    *",140.27341842651367,512.0,41.0,553.0
,퇴사하고 프리랜서로 소득이 조금 생겼어요. 이 경우 건강보험료는 어떻게 계산되나요?,gemma-3-12b-it-Q6_K,"[RAG 문서]
(keep '(근로자 이다 직업_종류와_관계없이_보수를_받아_생활하는_사람))

# NEO Knowledge Base Conversion System Prompt

## Introduction

The NEO knowledge base uses a structured list (S-expression) format to represent **facts** and **rules**, which are stored using a special `keep` command. In this format, each fact or rule is enclosed in parentheses as a list. **Rules** are expressed as two related lists sharing the same rule name: one list for the condition (preceded by `if`) and one for the conclusion (preceded by `then`). The system prompt will ensure that any Korean sentence input by a user is automatically converted into this NEO code format, following a strict set of guidelines. Below are the key requirements and conversion rules that the system prompt must enforce:

## Input Format: Korean Sentences

The input to the model will always be a natural language sentence in **Korean**. The system assumes the user’s query is given in Korean and is a simple declarative statement (either a factual statement or a general rule statement). For example, valid inputs might be `""펭귄은 새다""` (""Penguin is a bird"") or `""모든 새는 날 수 있다""` (""All birds can fly""). The prompt should explicitly note that it expects Korean sentences as input, with examples of the format.

## Output Format: NEO List Code

The model’s output **must be in NEO code**, i.e. in the form of lists (S-expressions) that represent the content of the sentence. The subject and predicate (and any object or complement) of the sentence are to be represented as a parenthesized list in the NEO syntax. In other words, the natural language input should be transformed into a **logical form list**. For example:

* Input `""펭귄은 새다""` (Penguin is a bird) should become the list `(펭귄 이다 새)`. Here `펭귄` (penguin) is the subject and `새` (bird) is the category or class, with the copula ""`이다`"" denoting the ""is-a"" relationship.
* Input `""제비는 날 수 있다""` (A swallow can fly) should become `(제비 can fly)`, representing that the subject *제비* (swallow) has the ability *fly*.

The prompt must ensure the output is **not natural language text** but strictly the NEO code representation of the sentence. All Korean entities and relations should be expressed in the list format using the appropriate symbols or English phrases as defined in the knowledge base. (For instance, the predicate `이다` is used for ""is a"" relations, and the phrase `can fly` is used to denote the ability ""날 수 있다"". Other abilities or relations may similarly be represented with English phrases for consistency.)

## Representing Facts with `keep`

If the input sentence is a **simple fact statement**, it should be output as a list wrapped with the `keep` command. A fact here means a basic statement that some individual has some property or belongs to some category (e.g. ""A is B"", or ""A can do X""). Since each fact is a unit of knowledge to be stored in the knowledge base, the `keep` command is used to save it. The general form is:

```
(keep '(...))
```

where the `...` is the list representing the fact. For example:

* Input: **""펭귄은 새다""** – a factual statement that a penguin is a bird.
  **Output:** `(keep '(펭귄 이다 새))`.
* Input: **""제비는 날 수 있다""** – a factual statement about a swallow’s ability.
  **Output:** `(keep '(제비 can fly))`.

In these outputs, the inner list `'(펭귄 이다 새)` or `'(제비 can fly)` is the actual knowledge being expressed, and the `keep '(... )` wrapper instructs NEO to store that fact in the knowledge base. No additional text or explanation accompanies the output – it is purely the code needed to record the fact.

## Representing Rules with If/Then Structure

If the input sentence expresses a **general rule or a conditional statement** (for example, sentences that imply ""all X have property Y"" or ""if X, then Y""), it must be converted into an **if/then rule structure** in NEO. Such a rule is represented by two lists: one for the **antecedent** (condition) and one for the **consequent** (result), each preceded by a shared rule name symbol. The conversion guidelines for rules are as follows:

* **Rule Naming:** Each rule is given a unique name, like `rule1`, `rule2`, etc. The rule name is consistent across the two parts of the rule, linking the `if` part and the `then` part as one rule. The prompt should specify that rule names are to be generated sequentially for each new rule sentence (e.g., the first rule encountered is rule1, the next rule2, and so on).

* **If (Condition) Part:** The condition of the rule corresponds to the premise of the natural sentence. This should be represented in a list following the `if` keyword. Each condition within the premise is converted to a list, using a variable in place of the specific subject. If the natural language implies multiple conditions, all those condition lists are included in the same `if` clause. For example, the sentence **""모든 새는 날 수 있다""** (""All birds can fly"") has the implicit premise ""if something is a bird"" – this is converted to the condition list `(?x 이다 새)` (where `?x` stands for an arbitrary instance of ""bird""). Another example, **""날 수 있는 동물은 새이다""** (""Any animal that can fly is a bird""), has a compound premise ""if something is an animal **and** (it) can fly"" – this yields two condition lists `(?x 이다 동물)` and `(?x can fly)` under the `if` clause. These condition lists are grouped together after the `if` in the rule.

* **Then (Conclusion) Part:** The conclusion of the rule is represented as a list following the `then` keyword, reflecting the outcome that holds when the condition is true. If there are multiple conclusions in the sentence, each would be listed in the `then` clause (though commonly there's one main conclusion). In our examples, for **""모든 새는 날 수 있다""**, the conclusion is that the entity can fly, represented as `(?x can fly)`. For **""날 수 있는 동물은 새이다""**, the conclusion is that the entity is a bird, represented as `(?x 이다 새)`. These follow the `then` in the rule.

* **Example – Complete Rule Conversion:**
  *Input:* ""모든 새는 날 수 있다.""
  *Output:*

  ```plaintext
  (keep '(rule1 if (?x 이다 새)))  
  (keep '(rule1 then (?x can fly)))  
  ```

  This corresponds to: If `?x` is a bird, **then** `?x` can fly. Both lines share the rule name `rule1`.
  *Another Input:* ""날 수 있는 동물은 새이다.""
  *Output:*

  ```plaintext
  (keep '(rule2 if (?x 이다 동물) (?x can fly)))  
  (keep '(rule2 then (?x 이다 새)))  
  ```

  This corresponds to: If `?x` is an animal **and** `?x` can fly, **then** `?x` is a bird. Here `rule2` is used for this second rule.

* **Use of Multiple Conditions/Conclusions:** NEO allows multiple conditions in the `if` part or multiple conclusions in the `then` part of a single rule if the sentence contains a compound premise or multiple outcomes. In the code, this is done by listing multiple condition lists after the `if` (and similarly multiple conclusion lists after the `then` if needed) within the same rule structure. The above example of the flying animal demonstrates multiple conditions in the `if` clause. If a sentence had multiple conclusions (e.g., ""If X, then Y and Z""), the `then` part would list both conclusion lists. The system prompt should mention that the model may encounter such cases and how to handle them (by including all relevant condition or conclusion lists after the appropriate keyword).

## Using Variables for General Statements

When converting general statements or rules, the prompt must enforce the use of **variables** like `?x`, `?y` in place of specific subjects or objects. These **binding variables** represent arbitrary instances of a concept in rules. The guideline is that the **same entity** mentioned in both the condition and conclusion of a rule should be represented by the **same variable** throughout that rule, to indicate they refer to the same thing. Different entities in the same sentence should use different variables (`?x`, `?y`, `?z`, etc.) as needed.

For example, in **""모든 새는 날 수 있다""**, an unspecified bird is represented as `?x` in both the `if` part (`(?x 이다 새)`) and the `then` part (`(?x can fly)`), linking the condition and conclusion to the same generic entity. The prompt should clearly instruct that the model replace concrete nouns with variables in rules, maintaining consistency (one variable per unique entity). In simple fact statements (like ""펭귄은 새다""), variables are not needed because the statement is about a specific individual (penguin), so the actual noun is used directly in the list.

## Output Restrictions: Code Only, No Explanatory Text

Critically, the system prompt must make it clear that **the model’s answer should contain only the converted NEO code, and nothing else**. This means the model should **not** produce any natural language explanation, comments, or additional clarification aside from the code itself. The output should be formatted as a snippet of code, ideally in a code block, containing one or more lines of NEO expressions. Each line should be a single complete `(keep '(...))` statement, and no line should contain anything outside of the parentheses besides the `keep` prefix. There should be no extra lines or blank lines either – just the code representation. For instance, if the input is ""펭귄은 새다"", the model’s entire answer should be something like:

```plaintext
(keep '(펭귄 이다 새))
```

Nothing before or after this line, no greeting, no explanation of what it means – only the code. Even if multiple lines are needed (as in the case of a rule with two lines), the response should still consist solely of those code lines, each properly formatted, and presented in a code block format for clarity. The prompt should explicitly warn the model *not* to output translations, descriptions, or any text except the NEO code itself.

## Scope Limitations and Exceptions

Finally, the system prompt should clarify that it deals **only with straightforward factual and rule-based sentences**. More complex or advanced sentences that go beyond simple facts or general implications are **out of scope** for this conversion. This includes things like function or object definitions in code, highly complex conditional statements, or any form of sentence that doesn’t fit the pattern of a basic assertion or a general rule. The prompt can assume that users will not provide such unsupported inputs. Therefore, the conversion rules above focus on common knowledge statements (facts) and general rules (universal statements or simple conditionals), and the model does not need to handle programming constructs or overly complicated sentences. By limiting the scope, the system ensures more accurate conversions for the intended types of input.

**In summary,** the system prompt must instruct the model to: take a Korean sentence, identify whether it states a simple fact or a general rule, then output the corresponding NEO knowledge base code using the correct list format. It should enforce the use of `keep` for storing facts, `if/then` structure with variables for rules, and strictly produce the code without any extra commentary. By adhering to all the above guidelines, the AI will consistently transform user inputs into the proper NEO knowledge base representation, enabling seamless building of a knowledge base from natural language statements.


---

## Output Restrictions: Code Only, No Explanatory Text

Critically, the system prompt must make it clear that **the model’s answer should contain only the converted NEO code, and nothing else**.
**Under no circumstances should the model output any natural language text, explanation, greeting, summary, translation, comment, or meta content. Only valid NEO code lines must be produced. Any non-code output is strictly prohibited.**

The output must consist of one or more lines of NEO expressions such as:

```plaintext
(keep '(펭귄 이다 새))
```

Each line must be a valid NEO expression using `(keep '(...))` or `(keep '(ruleN if ...))` / `(keep '(ruleN then ...))`.
No additional text, spacing, or context should appear before, after, or between these expressions.

---",상황기반_보험료질문,0,1,N/A,N/A,N/A,"퇴사 후 프리랜서로 활동하며 소득이 발생한 경우, 건강보험료는 직장가입자에서 지역가입자로 전환되어 산정됩니다. 지역가입자의 건강보험료는 소득과 재산에 따라 달라지며, 몇 가지 기준에 따라 계산됩니다.

**1. 건강보험료 산정 기준:**

*   **소득:** 과거 1년간의 소득 (퇴사 전 소득 포함) 또는 사업소득, 이자, 배당 등 현재 발생하고 있는 소득을 기준으로 합니다.
*   **재산:** 토지, 건물, 주택, 차량 등 재산세 과세표준액을 기준으로 합니다.
*   **가입 유형:** 단독가입자, 부부가입자, 시설가입자 등으로 가입 유형에 따라 산정 방식이 다릅니다.

**2. 건강보험료 계산 방법 (단독가입자 기준):**

건강보험료는 **소득 인정액**에 **지역보험료율**을 곱하여 계산됩니다.

*   **소득 인정액:** 소득과 재산을 합산하여 산정합니다.
    *   소득 인정액 = 소득 + (재산세 과세표준액 × 1/2)
*   **지역보험료율:** 2024년 현재 단독가입자의 경우 10.93%입니다. (소득월액이 100만원 미만인 경우 8.33%)

**3. 예시:**

만약 과거 1년간 소득이 2,000만원이고, 재산세 과세표준액이 1억원이라고 가정하면,

*   소득 인정액 = 2,000만원 + (1억원 × 1/2) = 2,500만원
*   월 소득 인정액 = 2,500만원 / 12개월 = 208,333원
*   건강보험료 = 208,333원 × 10.93% = 약 22,800원

**4. 추가 정보 및 주의사항:**

*   **소득 증빙:** 소득 금액 증빙 자료 (사업자등록증, 소득금액증명원 등)를 건강보험공단",142.61435556411743,512.0,35.0,547.0
,"월세 50만 원짜리 원룸에 살고 있는데, 이게 건강보험료 산정에 반영되나요?",gemma-3-12b-it-Q6_K,"[RAG 문서]
(keep '(근로자 이다 직업_종류와_관계없이_보수를_받아_생활하는_사람))

# NEO Knowledge Base Conversion System Prompt

## Introduction

The NEO knowledge base uses a structured list (S-expression) format to represent **facts** and **rules**, which are stored using a special `keep` command. In this format, each fact or rule is enclosed in parentheses as a list. **Rules** are expressed as two related lists sharing the same rule name: one list for the condition (preceded by `if`) and one for the conclusion (preceded by `then`). The system prompt will ensure that any Korean sentence input by a user is automatically converted into this NEO code format, following a strict set of guidelines. Below are the key requirements and conversion rules that the system prompt must enforce:

## Input Format: Korean Sentences

The input to the model will always be a natural language sentence in **Korean**. The system assumes the user’s query is given in Korean and is a simple declarative statement (either a factual statement or a general rule statement). For example, valid inputs might be `""펭귄은 새다""` (""Penguin is a bird"") or `""모든 새는 날 수 있다""` (""All birds can fly""). The prompt should explicitly note that it expects Korean sentences as input, with examples of the format.

## Output Format: NEO List Code

The model’s output **must be in NEO code**, i.e. in the form of lists (S-expressions) that represent the content of the sentence. The subject and predicate (and any object or complement) of the sentence are to be represented as a parenthesized list in the NEO syntax. In other words, the natural language input should be transformed into a **logical form list**. For example:

* Input `""펭귄은 새다""` (Penguin is a bird) should become the list `(펭귄 이다 새)`. Here `펭귄` (penguin) is the subject and `새` (bird) is the category or class, with the copula ""`이다`"" denoting the ""is-a"" relationship.
* Input `""제비는 날 수 있다""` (A swallow can fly) should become `(제비 can fly)`, representing that the subject *제비* (swallow) has the ability *fly*.

The prompt must ensure the output is **not natural language text** but strictly the NEO code representation of the sentence. All Korean entities and relations should be expressed in the list format using the appropriate symbols or English phrases as defined in the knowledge base. (For instance, the predicate `이다` is used for ""is a"" relations, and the phrase `can fly` is used to denote the ability ""날 수 있다"". Other abilities or relations may similarly be represented with English phrases for consistency.)

## Representing Facts with `keep`

If the input sentence is a **simple fact statement**, it should be output as a list wrapped with the `keep` command. A fact here means a basic statement that some individual has some property or belongs to some category (e.g. ""A is B"", or ""A can do X""). Since each fact is a unit of knowledge to be stored in the knowledge base, the `keep` command is used to save it. The general form is:

```
(keep '(...))
```

where the `...` is the list representing the fact. For example:

* Input: **""펭귄은 새다""** – a factual statement that a penguin is a bird.
  **Output:** `(keep '(펭귄 이다 새))`.
* Input: **""제비는 날 수 있다""** – a factual statement about a swallow’s ability.
  **Output:** `(keep '(제비 can fly))`.

In these outputs, the inner list `'(펭귄 이다 새)` or `'(제비 can fly)` is the actual knowledge being expressed, and the `keep '(... )` wrapper instructs NEO to store that fact in the knowledge base. No additional text or explanation accompanies the output – it is purely the code needed to record the fact.

## Representing Rules with If/Then Structure

If the input sentence expresses a **general rule or a conditional statement** (for example, sentences that imply ""all X have property Y"" or ""if X, then Y""), it must be converted into an **if/then rule structure** in NEO. Such a rule is represented by two lists: one for the **antecedent** (condition) and one for the **consequent** (result), each preceded by a shared rule name symbol. The conversion guidelines for rules are as follows:

* **Rule Naming:** Each rule is given a unique name, like `rule1`, `rule2`, etc. The rule name is consistent across the two parts of the rule, linking the `if` part and the `then` part as one rule. The prompt should specify that rule names are to be generated sequentially for each new rule sentence (e.g., the first rule encountered is rule1, the next rule2, and so on).

* **If (Condition) Part:** The condition of the rule corresponds to the premise of the natural sentence. This should be represented in a list following the `if` keyword. Each condition within the premise is converted to a list, using a variable in place of the specific subject. If the natural language implies multiple conditions, all those condition lists are included in the same `if` clause. For example, the sentence **""모든 새는 날 수 있다""** (""All birds can fly"") has the implicit premise ""if something is a bird"" – this is converted to the condition list `(?x 이다 새)` (where `?x` stands for an arbitrary instance of ""bird""). Another example, **""날 수 있는 동물은 새이다""** (""Any animal that can fly is a bird""), has a compound premise ""if something is an animal **and** (it) can fly"" – this yields two condition lists `(?x 이다 동물)` and `(?x can fly)` under the `if` clause. These condition lists are grouped together after the `if` in the rule.

* **Then (Conclusion) Part:** The conclusion of the rule is represented as a list following the `then` keyword, reflecting the outcome that holds when the condition is true. If there are multiple conclusions in the sentence, each would be listed in the `then` clause (though commonly there's one main conclusion). In our examples, for **""모든 새는 날 수 있다""**, the conclusion is that the entity can fly, represented as `(?x can fly)`. For **""날 수 있는 동물은 새이다""**, the conclusion is that the entity is a bird, represented as `(?x 이다 새)`. These follow the `then` in the rule.

* **Example – Complete Rule Conversion:**
  *Input:* ""모든 새는 날 수 있다.""
  *Output:*

  ```plaintext
  (keep '(rule1 if (?x 이다 새)))  
  (keep '(rule1 then (?x can fly)))  
  ```

  This corresponds to: If `?x` is a bird, **then** `?x` can fly. Both lines share the rule name `rule1`.
  *Another Input:* ""날 수 있는 동물은 새이다.""
  *Output:*

  ```plaintext
  (keep '(rule2 if (?x 이다 동물) (?x can fly)))  
  (keep '(rule2 then (?x 이다 새)))  
  ```

  This corresponds to: If `?x` is an animal **and** `?x` can fly, **then** `?x` is a bird. Here `rule2` is used for this second rule.

* **Use of Multiple Conditions/Conclusions:** NEO allows multiple conditions in the `if` part or multiple conclusions in the `then` part of a single rule if the sentence contains a compound premise or multiple outcomes. In the code, this is done by listing multiple condition lists after the `if` (and similarly multiple conclusion lists after the `then` if needed) within the same rule structure. The above example of the flying animal demonstrates multiple conditions in the `if` clause. If a sentence had multiple conclusions (e.g., ""If X, then Y and Z""), the `then` part would list both conclusion lists. The system prompt should mention that the model may encounter such cases and how to handle them (by including all relevant condition or conclusion lists after the appropriate keyword).

## Using Variables for General Statements

When converting general statements or rules, the prompt must enforce the use of **variables** like `?x`, `?y` in place of specific subjects or objects. These **binding variables** represent arbitrary instances of a concept in rules. The guideline is that the **same entity** mentioned in both the condition and conclusion of a rule should be represented by the **same variable** throughout that rule, to indicate they refer to the same thing. Different entities in the same sentence should use different variables (`?x`, `?y`, `?z`, etc.) as needed.

For example, in **""모든 새는 날 수 있다""**, an unspecified bird is represented as `?x` in both the `if` part (`(?x 이다 새)`) and the `then` part (`(?x can fly)`), linking the condition and conclusion to the same generic entity. The prompt should clearly instruct that the model replace concrete nouns with variables in rules, maintaining consistency (one variable per unique entity). In simple fact statements (like ""펭귄은 새다""), variables are not needed because the statement is about a specific individual (penguin), so the actual noun is used directly in the list.

## Output Restrictions: Code Only, No Explanatory Text

Critically, the system prompt must make it clear that **the model’s answer should contain only the converted NEO code, and nothing else**. This means the model should **not** produce any natural language explanation, comments, or additional clarification aside from the code itself. The output should be formatted as a snippet of code, ideally in a code block, containing one or more lines of NEO expressions. Each line should be a single complete `(keep '(...))` statement, and no line should contain anything outside of the parentheses besides the `keep` prefix. There should be no extra lines or blank lines either – just the code representation. For instance, if the input is ""펭귄은 새다"", the model’s entire answer should be something like:

```plaintext
(keep '(펭귄 이다 새))
```

Nothing before or after this line, no greeting, no explanation of what it means – only the code. Even if multiple lines are needed (as in the case of a rule with two lines), the response should still consist solely of those code lines, each properly formatted, and presented in a code block format for clarity. The prompt should explicitly warn the model *not* to output translations, descriptions, or any text except the NEO code itself.

## Scope Limitations and Exceptions

Finally, the system prompt should clarify that it deals **only with straightforward factual and rule-based sentences**. More complex or advanced sentences that go beyond simple facts or general implications are **out of scope** for this conversion. This includes things like function or object definitions in code, highly complex conditional statements, or any form of sentence that doesn’t fit the pattern of a basic assertion or a general rule. The prompt can assume that users will not provide such unsupported inputs. Therefore, the conversion rules above focus on common knowledge statements (facts) and general rules (universal statements or simple conditionals), and the model does not need to handle programming constructs or overly complicated sentences. By limiting the scope, the system ensures more accurate conversions for the intended types of input.

**In summary,** the system prompt must instruct the model to: take a Korean sentence, identify whether it states a simple fact or a general rule, then output the corresponding NEO knowledge base code using the correct list format. It should enforce the use of `keep` for storing facts, `if/then` structure with variables for rules, and strictly produce the code without any extra commentary. By adhering to all the above guidelines, the AI will consistently transform user inputs into the proper NEO knowledge base representation, enabling seamless building of a knowledge base from natural language statements.


---

## Output Restrictions: Code Only, No Explanatory Text

Critically, the system prompt must make it clear that **the model’s answer should contain only the converted NEO code, and nothing else**.
**Under no circumstances should the model output any natural language text, explanation, greeting, summary, translation, comment, or meta content. Only valid NEO code lines must be produced. Any non-code output is strictly prohibited.**

The output must consist of one or more lines of NEO expressions such as:

```plaintext
(keep '(펭귄 이다 새))
```

Each line must be a valid NEO expression using `(keep '(...))` or `(keep '(ruleN if ...))` / `(keep '(ruleN then ...))`.
No additional text, spacing, or context should appear before, after, or between these expressions.

---",상황기반_보험료질문,0,1,N/A,N/A,N/A,"네, 월세 50만 원짜리 원룸에 거주하시는 것은 건강보험료 산정에 반영될 수 있습니다.

**건강보험료 산정 방식:**

건강보험료는 소득과 재산, 그리고 비혼경우 부양가족 수에 따라 산정됩니다. 월세는 **재산** 항목에 해당하며, 다음과 같은 방식으로 반영됩니다.

*   **월세액:** 실제 납부하는 월세액이 건강보험료 산정 시 재산으로 반영됩니다. 따라서 월 50만 원의 월세를 납부하신다면, 해당 금액이 재산으로 계산됩니다.
*   **재산세:** 월세 외에도 재산세가 부과되는 경우, 재산세 또한 건강보험료 산정에 반영됩니다.

**참고 사항:**

*   **소득의 영향:** 소득이 높을수록 재산의 영향은 상대적으로 줄어들 수 있습니다.
*   **주택 유형:** 원룸의 경우, 주택 유형에 따라 재산세 부과 기준이 달라질 수 있습니다.
*   **건강보험공단 문의:** 정확한 건강보험료 산정 내역 및 문의사항은 국민건강보험공단(1577-1000)에 문의하시는 것이 가장 좋습니다.

**추가 정보:**

*   건강보험료는 매년 5월에 부과되므로, 월세액 변동 시 해당 내용을 건강보험공단에 알리는 것이 중요합니다.
*   건강보험료 납부액은 소득 공제 혜택을 받을 수 있습니다.

**Disclaimer:** 저는 AI 챗봇이며, 법률 또는 세무 관련 전문적인 조언을 제공할 수 없습니다. 정확한 정보는 관련 기관에 문의하시기 바랍니다.",107.05784320831299,388.0,35.0,423.0
,"본가에서 부모님과 같이 살고 있는데, 집이 부모님 명의예요. 이럴 경우 저한테도 재산으로 보험료가 부과되나요?",gemma-3-12b-it-Q6_K,"[RAG 문서]
(keep '(근로자 이다 직업_종류와_관계없이_보수를_받아_생활하는_사람))

# NEO Knowledge Base Conversion System Prompt

## Introduction

The NEO knowledge base uses a structured list (S-expression) format to represent **facts** and **rules**, which are stored using a special `keep` command. In this format, each fact or rule is enclosed in parentheses as a list. **Rules** are expressed as two related lists sharing the same rule name: one list for the condition (preceded by `if`) and one for the conclusion (preceded by `then`). The system prompt will ensure that any Korean sentence input by a user is automatically converted into this NEO code format, following a strict set of guidelines. Below are the key requirements and conversion rules that the system prompt must enforce:

## Input Format: Korean Sentences

The input to the model will always be a natural language sentence in **Korean**. The system assumes the user’s query is given in Korean and is a simple declarative statement (either a factual statement or a general rule statement). For example, valid inputs might be `""펭귄은 새다""` (""Penguin is a bird"") or `""모든 새는 날 수 있다""` (""All birds can fly""). The prompt should explicitly note that it expects Korean sentences as input, with examples of the format.

## Output Format: NEO List Code

The model’s output **must be in NEO code**, i.e. in the form of lists (S-expressions) that represent the content of the sentence. The subject and predicate (and any object or complement) of the sentence are to be represented as a parenthesized list in the NEO syntax. In other words, the natural language input should be transformed into a **logical form list**. For example:

* Input `""펭귄은 새다""` (Penguin is a bird) should become the list `(펭귄 이다 새)`. Here `펭귄` (penguin) is the subject and `새` (bird) is the category or class, with the copula ""`이다`"" denoting the ""is-a"" relationship.
* Input `""제비는 날 수 있다""` (A swallow can fly) should become `(제비 can fly)`, representing that the subject *제비* (swallow) has the ability *fly*.

The prompt must ensure the output is **not natural language text** but strictly the NEO code representation of the sentence. All Korean entities and relations should be expressed in the list format using the appropriate symbols or English phrases as defined in the knowledge base. (For instance, the predicate `이다` is used for ""is a"" relations, and the phrase `can fly` is used to denote the ability ""날 수 있다"". Other abilities or relations may similarly be represented with English phrases for consistency.)

## Representing Facts with `keep`

If the input sentence is a **simple fact statement**, it should be output as a list wrapped with the `keep` command. A fact here means a basic statement that some individual has some property or belongs to some category (e.g. ""A is B"", or ""A can do X""). Since each fact is a unit of knowledge to be stored in the knowledge base, the `keep` command is used to save it. The general form is:

```
(keep '(...))
```

where the `...` is the list representing the fact. For example:

* Input: **""펭귄은 새다""** – a factual statement that a penguin is a bird.
  **Output:** `(keep '(펭귄 이다 새))`.
* Input: **""제비는 날 수 있다""** – a factual statement about a swallow’s ability.
  **Output:** `(keep '(제비 can fly))`.

In these outputs, the inner list `'(펭귄 이다 새)` or `'(제비 can fly)` is the actual knowledge being expressed, and the `keep '(... )` wrapper instructs NEO to store that fact in the knowledge base. No additional text or explanation accompanies the output – it is purely the code needed to record the fact.

## Representing Rules with If/Then Structure

If the input sentence expresses a **general rule or a conditional statement** (for example, sentences that imply ""all X have property Y"" or ""if X, then Y""), it must be converted into an **if/then rule structure** in NEO. Such a rule is represented by two lists: one for the **antecedent** (condition) and one for the **consequent** (result), each preceded by a shared rule name symbol. The conversion guidelines for rules are as follows:

* **Rule Naming:** Each rule is given a unique name, like `rule1`, `rule2`, etc. The rule name is consistent across the two parts of the rule, linking the `if` part and the `then` part as one rule. The prompt should specify that rule names are to be generated sequentially for each new rule sentence (e.g., the first rule encountered is rule1, the next rule2, and so on).

* **If (Condition) Part:** The condition of the rule corresponds to the premise of the natural sentence. This should be represented in a list following the `if` keyword. Each condition within the premise is converted to a list, using a variable in place of the specific subject. If the natural language implies multiple conditions, all those condition lists are included in the same `if` clause. For example, the sentence **""모든 새는 날 수 있다""** (""All birds can fly"") has the implicit premise ""if something is a bird"" – this is converted to the condition list `(?x 이다 새)` (where `?x` stands for an arbitrary instance of ""bird""). Another example, **""날 수 있는 동물은 새이다""** (""Any animal that can fly is a bird""), has a compound premise ""if something is an animal **and** (it) can fly"" – this yields two condition lists `(?x 이다 동물)` and `(?x can fly)` under the `if` clause. These condition lists are grouped together after the `if` in the rule.

* **Then (Conclusion) Part:** The conclusion of the rule is represented as a list following the `then` keyword, reflecting the outcome that holds when the condition is true. If there are multiple conclusions in the sentence, each would be listed in the `then` clause (though commonly there's one main conclusion). In our examples, for **""모든 새는 날 수 있다""**, the conclusion is that the entity can fly, represented as `(?x can fly)`. For **""날 수 있는 동물은 새이다""**, the conclusion is that the entity is a bird, represented as `(?x 이다 새)`. These follow the `then` in the rule.

* **Example – Complete Rule Conversion:**
  *Input:* ""모든 새는 날 수 있다.""
  *Output:*

  ```plaintext
  (keep '(rule1 if (?x 이다 새)))  
  (keep '(rule1 then (?x can fly)))  
  ```

  This corresponds to: If `?x` is a bird, **then** `?x` can fly. Both lines share the rule name `rule1`.
  *Another Input:* ""날 수 있는 동물은 새이다.""
  *Output:*

  ```plaintext
  (keep '(rule2 if (?x 이다 동물) (?x can fly)))  
  (keep '(rule2 then (?x 이다 새)))  
  ```

  This corresponds to: If `?x` is an animal **and** `?x` can fly, **then** `?x` is a bird. Here `rule2` is used for this second rule.

* **Use of Multiple Conditions/Conclusions:** NEO allows multiple conditions in the `if` part or multiple conclusions in the `then` part of a single rule if the sentence contains a compound premise or multiple outcomes. In the code, this is done by listing multiple condition lists after the `if` (and similarly multiple conclusion lists after the `then` if needed) within the same rule structure. The above example of the flying animal demonstrates multiple conditions in the `if` clause. If a sentence had multiple conclusions (e.g., ""If X, then Y and Z""), the `then` part would list both conclusion lists. The system prompt should mention that the model may encounter such cases and how to handle them (by including all relevant condition or conclusion lists after the appropriate keyword).

## Using Variables for General Statements

When converting general statements or rules, the prompt must enforce the use of **variables** like `?x`, `?y` in place of specific subjects or objects. These **binding variables** represent arbitrary instances of a concept in rules. The guideline is that the **same entity** mentioned in both the condition and conclusion of a rule should be represented by the **same variable** throughout that rule, to indicate they refer to the same thing. Different entities in the same sentence should use different variables (`?x`, `?y`, `?z`, etc.) as needed.

For example, in **""모든 새는 날 수 있다""**, an unspecified bird is represented as `?x` in both the `if` part (`(?x 이다 새)`) and the `then` part (`(?x can fly)`), linking the condition and conclusion to the same generic entity. The prompt should clearly instruct that the model replace concrete nouns with variables in rules, maintaining consistency (one variable per unique entity). In simple fact statements (like ""펭귄은 새다""), variables are not needed because the statement is about a specific individual (penguin), so the actual noun is used directly in the list.

## Output Restrictions: Code Only, No Explanatory Text

Critically, the system prompt must make it clear that **the model’s answer should contain only the converted NEO code, and nothing else**. This means the model should **not** produce any natural language explanation, comments, or additional clarification aside from the code itself. The output should be formatted as a snippet of code, ideally in a code block, containing one or more lines of NEO expressions. Each line should be a single complete `(keep '(...))` statement, and no line should contain anything outside of the parentheses besides the `keep` prefix. There should be no extra lines or blank lines either – just the code representation. For instance, if the input is ""펭귄은 새다"", the model’s entire answer should be something like:

```plaintext
(keep '(펭귄 이다 새))
```

Nothing before or after this line, no greeting, no explanation of what it means – only the code. Even if multiple lines are needed (as in the case of a rule with two lines), the response should still consist solely of those code lines, each properly formatted, and presented in a code block format for clarity. The prompt should explicitly warn the model *not* to output translations, descriptions, or any text except the NEO code itself.

## Scope Limitations and Exceptions

Finally, the system prompt should clarify that it deals **only with straightforward factual and rule-based sentences**. More complex or advanced sentences that go beyond simple facts or general implications are **out of scope** for this conversion. This includes things like function or object definitions in code, highly complex conditional statements, or any form of sentence that doesn’t fit the pattern of a basic assertion or a general rule. The prompt can assume that users will not provide such unsupported inputs. Therefore, the conversion rules above focus on common knowledge statements (facts) and general rules (universal statements or simple conditionals), and the model does not need to handle programming constructs or overly complicated sentences. By limiting the scope, the system ensures more accurate conversions for the intended types of input.

**In summary,** the system prompt must instruct the model to: take a Korean sentence, identify whether it states a simple fact or a general rule, then output the corresponding NEO knowledge base code using the correct list format. It should enforce the use of `keep` for storing facts, `if/then` structure with variables for rules, and strictly produce the code without any extra commentary. By adhering to all the above guidelines, the AI will consistently transform user inputs into the proper NEO knowledge base representation, enabling seamless building of a knowledge base from natural language statements.


---

## Output Restrictions: Code Only, No Explanatory Text

Critically, the system prompt must make it clear that **the model’s answer should contain only the converted NEO code, and nothing else**.
**Under no circumstances should the model output any natural language text, explanation, greeting, summary, translation, comment, or meta content. Only valid NEO code lines must be produced. Any non-code output is strictly prohibited.**

The output must consist of one or more lines of NEO expressions such as:

```plaintext
(keep '(펭귄 이다 새))
```

Each line must be a valid NEO expression using `(keep '(...))` or `(keep '(ruleN if ...))` / `(keep '(ruleN then ...))`.
No additional text, spacing, or context should appear before, after, or between these expressions.

---",상황기반_보험료질문,0,1,N/A,N/A,N/A,"본가에서 부모님 명의로 된 집에 거주하는 경우, 질문자님에게도 재산으로 보험료가 부과될 수 있는지에 대한 질문입니다. 결론부터 말씀드리면, **원칙적으로는 질문자님에게 보험료가 부과되지 않지만, 예외적인 경우가 있을 수 있습니다.**

**1. 일반적인 경우: 보험료 부과 X**

*   **주택 화재보험:** 일반적으로 주택 화재보험은 주택 소유자인 부모님 명의로 가입되며, 보험료는 주택 소유자가 부담합니다. 질문자님은 주택의 소유자가 아니므로 보험료가 부과되지 않습니다.
*   **자동차 보험:** 자동차를 소유하고 운전하는 경우에만 자동차 보험료가 부과됩니다. 본가에 차가 있더라도 질문자님 명의가 아니거나 운전을 하지 않는다면 보험료가 부과되지 않습니다.

**2. 예외적인 경우: 보험료 부과 O**

*   **질문자님 명의의 보험:** 질문자님께서 별도로 가입한 보험(예: 실손보험, 개인 연금보험 등)은 질문자님에게 보험료가 부과됩니다. 이는 본가에 거주하는지와 무관합니다.
*   **부모님 명의 보험에 질문자님 관련 내용 포함:** 부모님께서 가입하신 보험에 질문자님이 피보험자나 수혜자로 지정되어 있는 경우, 보험료가 부과될 수 있습니다. 예를 들어, 부모님께서 가입하신 종신보험의 수혜자가 질문자님으로 지정되어 있다면, 보험료가 부과될 수 있습니다. (이 경우, 보험 계약 내용을 확인해야 합니다.)
*   **주택담보대출 연관 보험:** 부모님이 주택담보대출을 받으셨고, 그 대출 조건에 따라 화재보험 가입이 필수적인 경우, 질문자님에게 보험료가 간접적으로 부과될 수 있습니다. (예: 부모님이 보험료를 내시고, 그 부담을 질문자님에게 전가하는 경우)

**3. 추가 확인 사항**

*   **부모님과 상의:** 가장 정확한 정보는 부모님께 직접 문의하는 것입니다. 부모님께서 어떤 보험에 가입되어 있는지, 보험료가 어떻게 납부되고 있는지 확인해보",141.29181838035583,512.0,47.0,559.0
,주식으로 연간 300만 원 정도 이익이 났어요. 이게 지역가입자 보험료에 포함되나요?,gemma-3-12b-it-Q6_K,"[RAG 문서]
(keep '(근로자 이다 직업_종류와_관계없이_보수를_받아_생활하는_사람))

# NEO Knowledge Base Conversion System Prompt

## Introduction

The NEO knowledge base uses a structured list (S-expression) format to represent **facts** and **rules**, which are stored using a special `keep` command. In this format, each fact or rule is enclosed in parentheses as a list. **Rules** are expressed as two related lists sharing the same rule name: one list for the condition (preceded by `if`) and one for the conclusion (preceded by `then`). The system prompt will ensure that any Korean sentence input by a user is automatically converted into this NEO code format, following a strict set of guidelines. Below are the key requirements and conversion rules that the system prompt must enforce:

## Input Format: Korean Sentences

The input to the model will always be a natural language sentence in **Korean**. The system assumes the user’s query is given in Korean and is a simple declarative statement (either a factual statement or a general rule statement). For example, valid inputs might be `""펭귄은 새다""` (""Penguin is a bird"") or `""모든 새는 날 수 있다""` (""All birds can fly""). The prompt should explicitly note that it expects Korean sentences as input, with examples of the format.

## Output Format: NEO List Code

The model’s output **must be in NEO code**, i.e. in the form of lists (S-expressions) that represent the content of the sentence. The subject and predicate (and any object or complement) of the sentence are to be represented as a parenthesized list in the NEO syntax. In other words, the natural language input should be transformed into a **logical form list**. For example:

* Input `""펭귄은 새다""` (Penguin is a bird) should become the list `(펭귄 이다 새)`. Here `펭귄` (penguin) is the subject and `새` (bird) is the category or class, with the copula ""`이다`"" denoting the ""is-a"" relationship.
* Input `""제비는 날 수 있다""` (A swallow can fly) should become `(제비 can fly)`, representing that the subject *제비* (swallow) has the ability *fly*.

The prompt must ensure the output is **not natural language text** but strictly the NEO code representation of the sentence. All Korean entities and relations should be expressed in the list format using the appropriate symbols or English phrases as defined in the knowledge base. (For instance, the predicate `이다` is used for ""is a"" relations, and the phrase `can fly` is used to denote the ability ""날 수 있다"". Other abilities or relations may similarly be represented with English phrases for consistency.)

## Representing Facts with `keep`

If the input sentence is a **simple fact statement**, it should be output as a list wrapped with the `keep` command. A fact here means a basic statement that some individual has some property or belongs to some category (e.g. ""A is B"", or ""A can do X""). Since each fact is a unit of knowledge to be stored in the knowledge base, the `keep` command is used to save it. The general form is:

```
(keep '(...))
```

where the `...` is the list representing the fact. For example:

* Input: **""펭귄은 새다""** – a factual statement that a penguin is a bird.
  **Output:** `(keep '(펭귄 이다 새))`.
* Input: **""제비는 날 수 있다""** – a factual statement about a swallow’s ability.
  **Output:** `(keep '(제비 can fly))`.

In these outputs, the inner list `'(펭귄 이다 새)` or `'(제비 can fly)` is the actual knowledge being expressed, and the `keep '(... )` wrapper instructs NEO to store that fact in the knowledge base. No additional text or explanation accompanies the output – it is purely the code needed to record the fact.

## Representing Rules with If/Then Structure

If the input sentence expresses a **general rule or a conditional statement** (for example, sentences that imply ""all X have property Y"" or ""if X, then Y""), it must be converted into an **if/then rule structure** in NEO. Such a rule is represented by two lists: one for the **antecedent** (condition) and one for the **consequent** (result), each preceded by a shared rule name symbol. The conversion guidelines for rules are as follows:

* **Rule Naming:** Each rule is given a unique name, like `rule1`, `rule2`, etc. The rule name is consistent across the two parts of the rule, linking the `if` part and the `then` part as one rule. The prompt should specify that rule names are to be generated sequentially for each new rule sentence (e.g., the first rule encountered is rule1, the next rule2, and so on).

* **If (Condition) Part:** The condition of the rule corresponds to the premise of the natural sentence. This should be represented in a list following the `if` keyword. Each condition within the premise is converted to a list, using a variable in place of the specific subject. If the natural language implies multiple conditions, all those condition lists are included in the same `if` clause. For example, the sentence **""모든 새는 날 수 있다""** (""All birds can fly"") has the implicit premise ""if something is a bird"" – this is converted to the condition list `(?x 이다 새)` (where `?x` stands for an arbitrary instance of ""bird""). Another example, **""날 수 있는 동물은 새이다""** (""Any animal that can fly is a bird""), has a compound premise ""if something is an animal **and** (it) can fly"" – this yields two condition lists `(?x 이다 동물)` and `(?x can fly)` under the `if` clause. These condition lists are grouped together after the `if` in the rule.

* **Then (Conclusion) Part:** The conclusion of the rule is represented as a list following the `then` keyword, reflecting the outcome that holds when the condition is true. If there are multiple conclusions in the sentence, each would be listed in the `then` clause (though commonly there's one main conclusion). In our examples, for **""모든 새는 날 수 있다""**, the conclusion is that the entity can fly, represented as `(?x can fly)`. For **""날 수 있는 동물은 새이다""**, the conclusion is that the entity is a bird, represented as `(?x 이다 새)`. These follow the `then` in the rule.

* **Example – Complete Rule Conversion:**
  *Input:* ""모든 새는 날 수 있다.""
  *Output:*

  ```plaintext
  (keep '(rule1 if (?x 이다 새)))  
  (keep '(rule1 then (?x can fly)))  
  ```

  This corresponds to: If `?x` is a bird, **then** `?x` can fly. Both lines share the rule name `rule1`.
  *Another Input:* ""날 수 있는 동물은 새이다.""
  *Output:*

  ```plaintext
  (keep '(rule2 if (?x 이다 동물) (?x can fly)))  
  (keep '(rule2 then (?x 이다 새)))  
  ```

  This corresponds to: If `?x` is an animal **and** `?x` can fly, **then** `?x` is a bird. Here `rule2` is used for this second rule.

* **Use of Multiple Conditions/Conclusions:** NEO allows multiple conditions in the `if` part or multiple conclusions in the `then` part of a single rule if the sentence contains a compound premise or multiple outcomes. In the code, this is done by listing multiple condition lists after the `if` (and similarly multiple conclusion lists after the `then` if needed) within the same rule structure. The above example of the flying animal demonstrates multiple conditions in the `if` clause. If a sentence had multiple conclusions (e.g., ""If X, then Y and Z""), the `then` part would list both conclusion lists. The system prompt should mention that the model may encounter such cases and how to handle them (by including all relevant condition or conclusion lists after the appropriate keyword).

## Using Variables for General Statements

When converting general statements or rules, the prompt must enforce the use of **variables** like `?x`, `?y` in place of specific subjects or objects. These **binding variables** represent arbitrary instances of a concept in rules. The guideline is that the **same entity** mentioned in both the condition and conclusion of a rule should be represented by the **same variable** throughout that rule, to indicate they refer to the same thing. Different entities in the same sentence should use different variables (`?x`, `?y`, `?z`, etc.) as needed.

For example, in **""모든 새는 날 수 있다""**, an unspecified bird is represented as `?x` in both the `if` part (`(?x 이다 새)`) and the `then` part (`(?x can fly)`), linking the condition and conclusion to the same generic entity. The prompt should clearly instruct that the model replace concrete nouns with variables in rules, maintaining consistency (one variable per unique entity). In simple fact statements (like ""펭귄은 새다""), variables are not needed because the statement is about a specific individual (penguin), so the actual noun is used directly in the list.

## Output Restrictions: Code Only, No Explanatory Text

Critically, the system prompt must make it clear that **the model’s answer should contain only the converted NEO code, and nothing else**. This means the model should **not** produce any natural language explanation, comments, or additional clarification aside from the code itself. The output should be formatted as a snippet of code, ideally in a code block, containing one or more lines of NEO expressions. Each line should be a single complete `(keep '(...))` statement, and no line should contain anything outside of the parentheses besides the `keep` prefix. There should be no extra lines or blank lines either – just the code representation. For instance, if the input is ""펭귄은 새다"", the model’s entire answer should be something like:

```plaintext
(keep '(펭귄 이다 새))
```

Nothing before or after this line, no greeting, no explanation of what it means – only the code. Even if multiple lines are needed (as in the case of a rule with two lines), the response should still consist solely of those code lines, each properly formatted, and presented in a code block format for clarity. The prompt should explicitly warn the model *not* to output translations, descriptions, or any text except the NEO code itself.

## Scope Limitations and Exceptions

Finally, the system prompt should clarify that it deals **only with straightforward factual and rule-based sentences**. More complex or advanced sentences that go beyond simple facts or general implications are **out of scope** for this conversion. This includes things like function or object definitions in code, highly complex conditional statements, or any form of sentence that doesn’t fit the pattern of a basic assertion or a general rule. The prompt can assume that users will not provide such unsupported inputs. Therefore, the conversion rules above focus on common knowledge statements (facts) and general rules (universal statements or simple conditionals), and the model does not need to handle programming constructs or overly complicated sentences. By limiting the scope, the system ensures more accurate conversions for the intended types of input.

**In summary,** the system prompt must instruct the model to: take a Korean sentence, identify whether it states a simple fact or a general rule, then output the corresponding NEO knowledge base code using the correct list format. It should enforce the use of `keep` for storing facts, `if/then` structure with variables for rules, and strictly produce the code without any extra commentary. By adhering to all the above guidelines, the AI will consistently transform user inputs into the proper NEO knowledge base representation, enabling seamless building of a knowledge base from natural language statements.


---

## Output Restrictions: Code Only, No Explanatory Text

Critically, the system prompt must make it clear that **the model’s answer should contain only the converted NEO code, and nothing else**.
**Under no circumstances should the model output any natural language text, explanation, greeting, summary, translation, comment, or meta content. Only valid NEO code lines must be produced. Any non-code output is strictly prohibited.**

The output must consist of one or more lines of NEO expressions such as:

```plaintext
(keep '(펭귄 이다 새))
```

Each line must be a valid NEO expression using `(keep '(...))` or `(keep '(ruleN if ...))` / `(keep '(ruleN then ...))`.
No additional text, spacing, or context should appear before, after, or between these expressions.

---",상황기반_보험료질문,0,1,N/A,N/A,N/A,"네, 주식 투자로 얻은 연간 300만 원의 이익은 지역가입자 피부양자 자격 심사 시 소득에 포함될 수 있습니다.

**지역가입자 피부양자 자격 심사 기준:**

*   **소득 기준:** 피부양자는 소득이 일정 기준 이하이어야 합니다. 2024년 기준, 단독으로 생활하는 경우 연간 소득이 1,600만 원 이하, 부부가 함께 생활하는 경우 연간 합산 소득이 3,200만 원 이하이어야 합니다.
*   **재산 기준:** 재산세 과세표준 합계액이 3억 원 이하 (주택, 토지, 건축물 등)여야 합니다.

**주식 투자 소득의 반영:**

*   주식 투자로 얻은 **배당금, 매매 차익금** 등은 소득으로 간주됩니다.
*   연간 300만 원의 이익은 소득 기준을 초과할 수 있으므로, 피부양자 자격을 유지하기 어려울 수 있습니다.

**참고 사항:**

*   **소득 인정 범위:** 주식 투자 소득 외에도 연금, 임대 소득, 사업 소득 등 모든 소득이 피부양자 자격 심사에 포함될 수 있습니다.
*   **심사 시기:** 매년 5월에 지역가입자 피부양자 자격 심사가 진행됩니다.
*   **정확한 정보 확인:** 건강보험공단(1577-1000)에 문의하여 정확한 소득 인정 범위와 피부양자 자격 기준을 확인하는 것이 좋습니다.

**결론적으로, 주식 투자로 얻은 연간 300만 원의 이익은 지역가입자 피부양자 자격 심사에 영향을 미칠 수 있으며, 소득 기준 초과 여부에 따라 피부양자 자격을 유지하지 못할 수도 있습니다.**",119.87837839126587,435.0,40.0,475.0
,"월 소득이 200만 원인 1인 자영업자인데, 이번 달 건강보험료가 15만 원 나왔어요. 이게 정상적인 금액인가요?",gemma-3-12b-it-Q6_K,"[RAG 문서]
(keep '(근로자 이다 직업_종류와_관계없이_보수를_받아_생활하는_사람))

# NEO Knowledge Base Conversion System Prompt

## Introduction

The NEO knowledge base uses a structured list (S-expression) format to represent **facts** and **rules**, which are stored using a special `keep` command. In this format, each fact or rule is enclosed in parentheses as a list. **Rules** are expressed as two related lists sharing the same rule name: one list for the condition (preceded by `if`) and one for the conclusion (preceded by `then`). The system prompt will ensure that any Korean sentence input by a user is automatically converted into this NEO code format, following a strict set of guidelines. Below are the key requirements and conversion rules that the system prompt must enforce:

## Input Format: Korean Sentences

The input to the model will always be a natural language sentence in **Korean**. The system assumes the user’s query is given in Korean and is a simple declarative statement (either a factual statement or a general rule statement). For example, valid inputs might be `""펭귄은 새다""` (""Penguin is a bird"") or `""모든 새는 날 수 있다""` (""All birds can fly""). The prompt should explicitly note that it expects Korean sentences as input, with examples of the format.

## Output Format: NEO List Code

The model’s output **must be in NEO code**, i.e. in the form of lists (S-expressions) that represent the content of the sentence. The subject and predicate (and any object or complement) of the sentence are to be represented as a parenthesized list in the NEO syntax. In other words, the natural language input should be transformed into a **logical form list**. For example:

* Input `""펭귄은 새다""` (Penguin is a bird) should become the list `(펭귄 이다 새)`. Here `펭귄` (penguin) is the subject and `새` (bird) is the category or class, with the copula ""`이다`"" denoting the ""is-a"" relationship.
* Input `""제비는 날 수 있다""` (A swallow can fly) should become `(제비 can fly)`, representing that the subject *제비* (swallow) has the ability *fly*.

The prompt must ensure the output is **not natural language text** but strictly the NEO code representation of the sentence. All Korean entities and relations should be expressed in the list format using the appropriate symbols or English phrases as defined in the knowledge base. (For instance, the predicate `이다` is used for ""is a"" relations, and the phrase `can fly` is used to denote the ability ""날 수 있다"". Other abilities or relations may similarly be represented with English phrases for consistency.)

## Representing Facts with `keep`

If the input sentence is a **simple fact statement**, it should be output as a list wrapped with the `keep` command. A fact here means a basic statement that some individual has some property or belongs to some category (e.g. ""A is B"", or ""A can do X""). Since each fact is a unit of knowledge to be stored in the knowledge base, the `keep` command is used to save it. The general form is:

```
(keep '(...))
```

where the `...` is the list representing the fact. For example:

* Input: **""펭귄은 새다""** – a factual statement that a penguin is a bird.
  **Output:** `(keep '(펭귄 이다 새))`.
* Input: **""제비는 날 수 있다""** – a factual statement about a swallow’s ability.
  **Output:** `(keep '(제비 can fly))`.

In these outputs, the inner list `'(펭귄 이다 새)` or `'(제비 can fly)` is the actual knowledge being expressed, and the `keep '(... )` wrapper instructs NEO to store that fact in the knowledge base. No additional text or explanation accompanies the output – it is purely the code needed to record the fact.

## Representing Rules with If/Then Structure

If the input sentence expresses a **general rule or a conditional statement** (for example, sentences that imply ""all X have property Y"" or ""if X, then Y""), it must be converted into an **if/then rule structure** in NEO. Such a rule is represented by two lists: one for the **antecedent** (condition) and one for the **consequent** (result), each preceded by a shared rule name symbol. The conversion guidelines for rules are as follows:

* **Rule Naming:** Each rule is given a unique name, like `rule1`, `rule2`, etc. The rule name is consistent across the two parts of the rule, linking the `if` part and the `then` part as one rule. The prompt should specify that rule names are to be generated sequentially for each new rule sentence (e.g., the first rule encountered is rule1, the next rule2, and so on).

* **If (Condition) Part:** The condition of the rule corresponds to the premise of the natural sentence. This should be represented in a list following the `if` keyword. Each condition within the premise is converted to a list, using a variable in place of the specific subject. If the natural language implies multiple conditions, all those condition lists are included in the same `if` clause. For example, the sentence **""모든 새는 날 수 있다""** (""All birds can fly"") has the implicit premise ""if something is a bird"" – this is converted to the condition list `(?x 이다 새)` (where `?x` stands for an arbitrary instance of ""bird""). Another example, **""날 수 있는 동물은 새이다""** (""Any animal that can fly is a bird""), has a compound premise ""if something is an animal **and** (it) can fly"" – this yields two condition lists `(?x 이다 동물)` and `(?x can fly)` under the `if` clause. These condition lists are grouped together after the `if` in the rule.

* **Then (Conclusion) Part:** The conclusion of the rule is represented as a list following the `then` keyword, reflecting the outcome that holds when the condition is true. If there are multiple conclusions in the sentence, each would be listed in the `then` clause (though commonly there's one main conclusion). In our examples, for **""모든 새는 날 수 있다""**, the conclusion is that the entity can fly, represented as `(?x can fly)`. For **""날 수 있는 동물은 새이다""**, the conclusion is that the entity is a bird, represented as `(?x 이다 새)`. These follow the `then` in the rule.

* **Example – Complete Rule Conversion:**
  *Input:* ""모든 새는 날 수 있다.""
  *Output:*

  ```plaintext
  (keep '(rule1 if (?x 이다 새)))  
  (keep '(rule1 then (?x can fly)))  
  ```

  This corresponds to: If `?x` is a bird, **then** `?x` can fly. Both lines share the rule name `rule1`.
  *Another Input:* ""날 수 있는 동물은 새이다.""
  *Output:*

  ```plaintext
  (keep '(rule2 if (?x 이다 동물) (?x can fly)))  
  (keep '(rule2 then (?x 이다 새)))  
  ```

  This corresponds to: If `?x` is an animal **and** `?x` can fly, **then** `?x` is a bird. Here `rule2` is used for this second rule.

* **Use of Multiple Conditions/Conclusions:** NEO allows multiple conditions in the `if` part or multiple conclusions in the `then` part of a single rule if the sentence contains a compound premise or multiple outcomes. In the code, this is done by listing multiple condition lists after the `if` (and similarly multiple conclusion lists after the `then` if needed) within the same rule structure. The above example of the flying animal demonstrates multiple conditions in the `if` clause. If a sentence had multiple conclusions (e.g., ""If X, then Y and Z""), the `then` part would list both conclusion lists. The system prompt should mention that the model may encounter such cases and how to handle them (by including all relevant condition or conclusion lists after the appropriate keyword).

## Using Variables for General Statements

When converting general statements or rules, the prompt must enforce the use of **variables** like `?x`, `?y` in place of specific subjects or objects. These **binding variables** represent arbitrary instances of a concept in rules. The guideline is that the **same entity** mentioned in both the condition and conclusion of a rule should be represented by the **same variable** throughout that rule, to indicate they refer to the same thing. Different entities in the same sentence should use different variables (`?x`, `?y`, `?z`, etc.) as needed.

For example, in **""모든 새는 날 수 있다""**, an unspecified bird is represented as `?x` in both the `if` part (`(?x 이다 새)`) and the `then` part (`(?x can fly)`), linking the condition and conclusion to the same generic entity. The prompt should clearly instruct that the model replace concrete nouns with variables in rules, maintaining consistency (one variable per unique entity). In simple fact statements (like ""펭귄은 새다""), variables are not needed because the statement is about a specific individual (penguin), so the actual noun is used directly in the list.

## Output Restrictions: Code Only, No Explanatory Text

Critically, the system prompt must make it clear that **the model’s answer should contain only the converted NEO code, and nothing else**. This means the model should **not** produce any natural language explanation, comments, or additional clarification aside from the code itself. The output should be formatted as a snippet of code, ideally in a code block, containing one or more lines of NEO expressions. Each line should be a single complete `(keep '(...))` statement, and no line should contain anything outside of the parentheses besides the `keep` prefix. There should be no extra lines or blank lines either – just the code representation. For instance, if the input is ""펭귄은 새다"", the model’s entire answer should be something like:

```plaintext
(keep '(펭귄 이다 새))
```

Nothing before or after this line, no greeting, no explanation of what it means – only the code. Even if multiple lines are needed (as in the case of a rule with two lines), the response should still consist solely of those code lines, each properly formatted, and presented in a code block format for clarity. The prompt should explicitly warn the model *not* to output translations, descriptions, or any text except the NEO code itself.

## Scope Limitations and Exceptions

Finally, the system prompt should clarify that it deals **only with straightforward factual and rule-based sentences**. More complex or advanced sentences that go beyond simple facts or general implications are **out of scope** for this conversion. This includes things like function or object definitions in code, highly complex conditional statements, or any form of sentence that doesn’t fit the pattern of a basic assertion or a general rule. The prompt can assume that users will not provide such unsupported inputs. Therefore, the conversion rules above focus on common knowledge statements (facts) and general rules (universal statements or simple conditionals), and the model does not need to handle programming constructs or overly complicated sentences. By limiting the scope, the system ensures more accurate conversions for the intended types of input.

**In summary,** the system prompt must instruct the model to: take a Korean sentence, identify whether it states a simple fact or a general rule, then output the corresponding NEO knowledge base code using the correct list format. It should enforce the use of `keep` for storing facts, `if/then` structure with variables for rules, and strictly produce the code without any extra commentary. By adhering to all the above guidelines, the AI will consistently transform user inputs into the proper NEO knowledge base representation, enabling seamless building of a knowledge base from natural language statements.


---

## Output Restrictions: Code Only, No Explanatory Text

Critically, the system prompt must make it clear that **the model’s answer should contain only the converted NEO code, and nothing else**.
**Under no circumstances should the model output any natural language text, explanation, greeting, summary, translation, comment, or meta content. Only valid NEO code lines must be produced. Any non-code output is strictly prohibited.**

The output must consist of one or more lines of NEO expressions such as:

```plaintext
(keep '(펭귄 이다 새))
```

Each line must be a valid NEO expression using `(keep '(...))` or `(keep '(ruleN if ...))` / `(keep '(ruleN then ...))`.
No additional text, spacing, or context should appear before, after, or between these expressions.

---",상황기반_보험료질문,0,1,N/A,N/A,N/A,"월 소득 200만 원인 1인 자영업자로서 건강보험료가 15만 원이 나왔다면, 몇 가지 요인을 고려해야 합니다. 정상적인 금액인지 판단하기 위해 다음과 같은 사항들을 확인해 보세요.

**1. 건강보험료 산정 방식:**

*   **표준 보수:** 일반적으로 자영업자의 건강보험료는 '표준 보수'를 기준으로 계산됩니다. 표준 보수는 소득에 따라 정해진 금액이며, 소득 구간별 표준 보수가 있습니다. 200만 원의 소득 구간에 따른 표준 보수는 200~250만원 정도입니다.
*   **소득 외 산정 요인:** 표준 보수 외에도 다음과 같은 요인들이 건강보험료에 영향을 미칩니다.
    *   **사업의 종류:** 사업의 종류에 따라 보험료율이 달라질 수 있습니다.
    *   **재산세:** 재산세 과세표준이 있는 경우, 보험료에 가산될 수 있습니다.
    *   **자동차 보유:** 자동차를 보유하고 있다면 자동차세 과세표준에 따라 보험료가 추가될 수 있습니다.
    *   **가족 구성원:** 부양가족이 있다면 보험료가 감경될 수 있습니다.

**2. 건강보험료 계산:**

*   **기준 급여:** 표준 보수에 보험료율을 곱하여 계산됩니다. 보험료율은 사업의 종류, 직종 등에 따라 달라집니다.
*   **가산급여:** 소득 외 산정 요인(재산세, 자동차세 등)에 따라 가산급여가 추가될 수 있습니다.
*   **할인:** 부양가족 수, 장기 요양인 인정 여부 등에 따라 할인될 수 있습니다.

**3. 15만 원 건강보험료가 정상적인지 확인하는 방법:**

*   **국민건강보험공단 홈페이지 또는 앱:** 국민건강보험공단 홈페이지([https://www.nhis.or.kr/](https://www.nhis.or.kr/)) 또는 앱에서 '건강보험료 계산' 기능을 이용하여 본인의 소득, 사업 종류, 재산세, 자동차세 등의 정보를 입력하면 예상 건강보험료를 확인할 수 있습니다.
*   **건강보험공단 콜센터:** 157",141.9455165863037,512.0,50.0,562.0
,최근 실직해서 소득이 없어요. 건강보험료를 감면받을 수 있는 방법이 있을까요?,gemma-3-12b-it-Q6_K,"[RAG 문서]
(keep '(근로자 이다 직업_종류와_관계없이_보수를_받아_생활하는_사람))

# NEO Knowledge Base Conversion System Prompt

## Introduction

The NEO knowledge base uses a structured list (S-expression) format to represent **facts** and **rules**, which are stored using a special `keep` command. In this format, each fact or rule is enclosed in parentheses as a list. **Rules** are expressed as two related lists sharing the same rule name: one list for the condition (preceded by `if`) and one for the conclusion (preceded by `then`). The system prompt will ensure that any Korean sentence input by a user is automatically converted into this NEO code format, following a strict set of guidelines. Below are the key requirements and conversion rules that the system prompt must enforce:

## Input Format: Korean Sentences

The input to the model will always be a natural language sentence in **Korean**. The system assumes the user’s query is given in Korean and is a simple declarative statement (either a factual statement or a general rule statement). For example, valid inputs might be `""펭귄은 새다""` (""Penguin is a bird"") or `""모든 새는 날 수 있다""` (""All birds can fly""). The prompt should explicitly note that it expects Korean sentences as input, with examples of the format.

## Output Format: NEO List Code

The model’s output **must be in NEO code**, i.e. in the form of lists (S-expressions) that represent the content of the sentence. The subject and predicate (and any object or complement) of the sentence are to be represented as a parenthesized list in the NEO syntax. In other words, the natural language input should be transformed into a **logical form list**. For example:

* Input `""펭귄은 새다""` (Penguin is a bird) should become the list `(펭귄 이다 새)`. Here `펭귄` (penguin) is the subject and `새` (bird) is the category or class, with the copula ""`이다`"" denoting the ""is-a"" relationship.
* Input `""제비는 날 수 있다""` (A swallow can fly) should become `(제비 can fly)`, representing that the subject *제비* (swallow) has the ability *fly*.

The prompt must ensure the output is **not natural language text** but strictly the NEO code representation of the sentence. All Korean entities and relations should be expressed in the list format using the appropriate symbols or English phrases as defined in the knowledge base. (For instance, the predicate `이다` is used for ""is a"" relations, and the phrase `can fly` is used to denote the ability ""날 수 있다"". Other abilities or relations may similarly be represented with English phrases for consistency.)

## Representing Facts with `keep`

If the input sentence is a **simple fact statement**, it should be output as a list wrapped with the `keep` command. A fact here means a basic statement that some individual has some property or belongs to some category (e.g. ""A is B"", or ""A can do X""). Since each fact is a unit of knowledge to be stored in the knowledge base, the `keep` command is used to save it. The general form is:

```
(keep '(...))
```

where the `...` is the list representing the fact. For example:

* Input: **""펭귄은 새다""** – a factual statement that a penguin is a bird.
  **Output:** `(keep '(펭귄 이다 새))`.
* Input: **""제비는 날 수 있다""** – a factual statement about a swallow’s ability.
  **Output:** `(keep '(제비 can fly))`.

In these outputs, the inner list `'(펭귄 이다 새)` or `'(제비 can fly)` is the actual knowledge being expressed, and the `keep '(... )` wrapper instructs NEO to store that fact in the knowledge base. No additional text or explanation accompanies the output – it is purely the code needed to record the fact.

## Representing Rules with If/Then Structure

If the input sentence expresses a **general rule or a conditional statement** (for example, sentences that imply ""all X have property Y"" or ""if X, then Y""), it must be converted into an **if/then rule structure** in NEO. Such a rule is represented by two lists: one for the **antecedent** (condition) and one for the **consequent** (result), each preceded by a shared rule name symbol. The conversion guidelines for rules are as follows:

* **Rule Naming:** Each rule is given a unique name, like `rule1`, `rule2`, etc. The rule name is consistent across the two parts of the rule, linking the `if` part and the `then` part as one rule. The prompt should specify that rule names are to be generated sequentially for each new rule sentence (e.g., the first rule encountered is rule1, the next rule2, and so on).

* **If (Condition) Part:** The condition of the rule corresponds to the premise of the natural sentence. This should be represented in a list following the `if` keyword. Each condition within the premise is converted to a list, using a variable in place of the specific subject. If the natural language implies multiple conditions, all those condition lists are included in the same `if` clause. For example, the sentence **""모든 새는 날 수 있다""** (""All birds can fly"") has the implicit premise ""if something is a bird"" – this is converted to the condition list `(?x 이다 새)` (where `?x` stands for an arbitrary instance of ""bird""). Another example, **""날 수 있는 동물은 새이다""** (""Any animal that can fly is a bird""), has a compound premise ""if something is an animal **and** (it) can fly"" – this yields two condition lists `(?x 이다 동물)` and `(?x can fly)` under the `if` clause. These condition lists are grouped together after the `if` in the rule.

* **Then (Conclusion) Part:** The conclusion of the rule is represented as a list following the `then` keyword, reflecting the outcome that holds when the condition is true. If there are multiple conclusions in the sentence, each would be listed in the `then` clause (though commonly there's one main conclusion). In our examples, for **""모든 새는 날 수 있다""**, the conclusion is that the entity can fly, represented as `(?x can fly)`. For **""날 수 있는 동물은 새이다""**, the conclusion is that the entity is a bird, represented as `(?x 이다 새)`. These follow the `then` in the rule.

* **Example – Complete Rule Conversion:**
  *Input:* ""모든 새는 날 수 있다.""
  *Output:*

  ```plaintext
  (keep '(rule1 if (?x 이다 새)))  
  (keep '(rule1 then (?x can fly)))  
  ```

  This corresponds to: If `?x` is a bird, **then** `?x` can fly. Both lines share the rule name `rule1`.
  *Another Input:* ""날 수 있는 동물은 새이다.""
  *Output:*

  ```plaintext
  (keep '(rule2 if (?x 이다 동물) (?x can fly)))  
  (keep '(rule2 then (?x 이다 새)))  
  ```

  This corresponds to: If `?x` is an animal **and** `?x` can fly, **then** `?x` is a bird. Here `rule2` is used for this second rule.

* **Use of Multiple Conditions/Conclusions:** NEO allows multiple conditions in the `if` part or multiple conclusions in the `then` part of a single rule if the sentence contains a compound premise or multiple outcomes. In the code, this is done by listing multiple condition lists after the `if` (and similarly multiple conclusion lists after the `then` if needed) within the same rule structure. The above example of the flying animal demonstrates multiple conditions in the `if` clause. If a sentence had multiple conclusions (e.g., ""If X, then Y and Z""), the `then` part would list both conclusion lists. The system prompt should mention that the model may encounter such cases and how to handle them (by including all relevant condition or conclusion lists after the appropriate keyword).

## Using Variables for General Statements

When converting general statements or rules, the prompt must enforce the use of **variables** like `?x`, `?y` in place of specific subjects or objects. These **binding variables** represent arbitrary instances of a concept in rules. The guideline is that the **same entity** mentioned in both the condition and conclusion of a rule should be represented by the **same variable** throughout that rule, to indicate they refer to the same thing. Different entities in the same sentence should use different variables (`?x`, `?y`, `?z`, etc.) as needed.

For example, in **""모든 새는 날 수 있다""**, an unspecified bird is represented as `?x` in both the `if` part (`(?x 이다 새)`) and the `then` part (`(?x can fly)`), linking the condition and conclusion to the same generic entity. The prompt should clearly instruct that the model replace concrete nouns with variables in rules, maintaining consistency (one variable per unique entity). In simple fact statements (like ""펭귄은 새다""), variables are not needed because the statement is about a specific individual (penguin), so the actual noun is used directly in the list.

## Output Restrictions: Code Only, No Explanatory Text

Critically, the system prompt must make it clear that **the model’s answer should contain only the converted NEO code, and nothing else**. This means the model should **not** produce any natural language explanation, comments, or additional clarification aside from the code itself. The output should be formatted as a snippet of code, ideally in a code block, containing one or more lines of NEO expressions. Each line should be a single complete `(keep '(...))` statement, and no line should contain anything outside of the parentheses besides the `keep` prefix. There should be no extra lines or blank lines either – just the code representation. For instance, if the input is ""펭귄은 새다"", the model’s entire answer should be something like:

```plaintext
(keep '(펭귄 이다 새))
```

Nothing before or after this line, no greeting, no explanation of what it means – only the code. Even if multiple lines are needed (as in the case of a rule with two lines), the response should still consist solely of those code lines, each properly formatted, and presented in a code block format for clarity. The prompt should explicitly warn the model *not* to output translations, descriptions, or any text except the NEO code itself.

## Scope Limitations and Exceptions

Finally, the system prompt should clarify that it deals **only with straightforward factual and rule-based sentences**. More complex or advanced sentences that go beyond simple facts or general implications are **out of scope** for this conversion. This includes things like function or object definitions in code, highly complex conditional statements, or any form of sentence that doesn’t fit the pattern of a basic assertion or a general rule. The prompt can assume that users will not provide such unsupported inputs. Therefore, the conversion rules above focus on common knowledge statements (facts) and general rules (universal statements or simple conditionals), and the model does not need to handle programming constructs or overly complicated sentences. By limiting the scope, the system ensures more accurate conversions for the intended types of input.

**In summary,** the system prompt must instruct the model to: take a Korean sentence, identify whether it states a simple fact or a general rule, then output the corresponding NEO knowledge base code using the correct list format. It should enforce the use of `keep` for storing facts, `if/then` structure with variables for rules, and strictly produce the code without any extra commentary. By adhering to all the above guidelines, the AI will consistently transform user inputs into the proper NEO knowledge base representation, enabling seamless building of a knowledge base from natural language statements.


---

## Output Restrictions: Code Only, No Explanatory Text

Critically, the system prompt must make it clear that **the model’s answer should contain only the converted NEO code, and nothing else**.
**Under no circumstances should the model output any natural language text, explanation, greeting, summary, translation, comment, or meta content. Only valid NEO code lines must be produced. Any non-code output is strictly prohibited.**

The output must consist of one or more lines of NEO expressions such as:

```plaintext
(keep '(펭귄 이다 새))
```

Each line must be a valid NEO expression using `(keep '(...))` or `(keep '(ruleN if ...))` / `(keep '(ruleN then ...))`.
No additional text, spacing, or context should appear before, after, or between these expressions.

---",보험료_감면_경감질문,0,1,N/A,N/A,N/A,"네, 실직으로 소득이 없으신 경우 건강보험료를 감면받을 수 있는 방법이 있습니다. 몇 가지 감면 항목과 신청 방법을 안내해 드릴게요.

**1. 소득 감면**

*   **소득 요하락:** 실직으로 소득이 급격히 줄어들 경우, 소득 요하락으로 건강보험료를 감면받을 수 있습니다.
    *   **감면 조건:** 직전년도 소득이 발생했어야 하며, 현재 소득이 직전년도 소득보다 일정 기준 이하로 줄어들어야 합니다. (지역별, 직장가입자/세대주가입자 여부에 따라 기준 상이)
    *   **감면 기간:** 소득 요하락 발생일로부터 최대 6개월까지 감면 가능합니다.
    *   **신청 방법:** 거주지 관할 건강보험공단 지사 방문 또는 건강보험공단 홈페이지/앱에서 신청합니다. 소득 감소를 증명할 수 있는 서류(실직증명서, 소득 감소 확인서 등)를 제출해야 합니다.
*   **무료 건강보험:** 소득이 매우 낮은 경우, 건강보험료를 전액 감면받을 수 있습니다.
    *   **감면 조건:** 가구 소득이 기준 중위소득의 일정 비율 이하이며, 재산세 과세표준 합계액이 일정 금액 이하인 경우에 해당됩니다. (지역별, 가구원 수에 따라 기준 상이)
    *   **감면 기간:** 매년 소득과 재산을 기준으로 심사하여 결정되며, 최초 1년간 전액 감면 후 매년 재심사합니다.
    *   **신청 방법:** 거주지 관할 건강보험공단 지사 방문 또는 건강보험공단 홈페이지/앱에서 신청합니다. 소득 및 재산을 증명할 수 있는 서류(소득금액증명원, 재산세 과세표준 확인서 등)를 제출해야 합니다.

**2. 기타 감면 항목**

*   **장애인 감면:** 장애 정도에 따라 건강보험료를 감면받을 수 있습니다.
*   **차상위계층 감면:** 국민기초생활보장법에 따른 차상위계층은 건강보험료를 전액 감면받습니다.",140.777827501297,512.0,35.0,547.0
,아이를 낳은 지 3개월 됐어요. 출산 관련해서 보험료 경감이나 혜택이 있나요?,gemma-3-12b-it-Q6_K,"[RAG 문서]
(keep '(근로자 이다 직업_종류와_관계없이_보수를_받아_생활하는_사람))

# NEO Knowledge Base Conversion System Prompt

## Introduction

The NEO knowledge base uses a structured list (S-expression) format to represent **facts** and **rules**, which are stored using a special `keep` command. In this format, each fact or rule is enclosed in parentheses as a list. **Rules** are expressed as two related lists sharing the same rule name: one list for the condition (preceded by `if`) and one for the conclusion (preceded by `then`). The system prompt will ensure that any Korean sentence input by a user is automatically converted into this NEO code format, following a strict set of guidelines. Below are the key requirements and conversion rules that the system prompt must enforce:

## Input Format: Korean Sentences

The input to the model will always be a natural language sentence in **Korean**. The system assumes the user’s query is given in Korean and is a simple declarative statement (either a factual statement or a general rule statement). For example, valid inputs might be `""펭귄은 새다""` (""Penguin is a bird"") or `""모든 새는 날 수 있다""` (""All birds can fly""). The prompt should explicitly note that it expects Korean sentences as input, with examples of the format.

## Output Format: NEO List Code

The model’s output **must be in NEO code**, i.e. in the form of lists (S-expressions) that represent the content of the sentence. The subject and predicate (and any object or complement) of the sentence are to be represented as a parenthesized list in the NEO syntax. In other words, the natural language input should be transformed into a **logical form list**. For example:

* Input `""펭귄은 새다""` (Penguin is a bird) should become the list `(펭귄 이다 새)`. Here `펭귄` (penguin) is the subject and `새` (bird) is the category or class, with the copula ""`이다`"" denoting the ""is-a"" relationship.
* Input `""제비는 날 수 있다""` (A swallow can fly) should become `(제비 can fly)`, representing that the subject *제비* (swallow) has the ability *fly*.

The prompt must ensure the output is **not natural language text** but strictly the NEO code representation of the sentence. All Korean entities and relations should be expressed in the list format using the appropriate symbols or English phrases as defined in the knowledge base. (For instance, the predicate `이다` is used for ""is a"" relations, and the phrase `can fly` is used to denote the ability ""날 수 있다"". Other abilities or relations may similarly be represented with English phrases for consistency.)

## Representing Facts with `keep`

If the input sentence is a **simple fact statement**, it should be output as a list wrapped with the `keep` command. A fact here means a basic statement that some individual has some property or belongs to some category (e.g. ""A is B"", or ""A can do X""). Since each fact is a unit of knowledge to be stored in the knowledge base, the `keep` command is used to save it. The general form is:

```
(keep '(...))
```

where the `...` is the list representing the fact. For example:

* Input: **""펭귄은 새다""** – a factual statement that a penguin is a bird.
  **Output:** `(keep '(펭귄 이다 새))`.
* Input: **""제비는 날 수 있다""** – a factual statement about a swallow’s ability.
  **Output:** `(keep '(제비 can fly))`.

In these outputs, the inner list `'(펭귄 이다 새)` or `'(제비 can fly)` is the actual knowledge being expressed, and the `keep '(... )` wrapper instructs NEO to store that fact in the knowledge base. No additional text or explanation accompanies the output – it is purely the code needed to record the fact.

## Representing Rules with If/Then Structure

If the input sentence expresses a **general rule or a conditional statement** (for example, sentences that imply ""all X have property Y"" or ""if X, then Y""), it must be converted into an **if/then rule structure** in NEO. Such a rule is represented by two lists: one for the **antecedent** (condition) and one for the **consequent** (result), each preceded by a shared rule name symbol. The conversion guidelines for rules are as follows:

* **Rule Naming:** Each rule is given a unique name, like `rule1`, `rule2`, etc. The rule name is consistent across the two parts of the rule, linking the `if` part and the `then` part as one rule. The prompt should specify that rule names are to be generated sequentially for each new rule sentence (e.g., the first rule encountered is rule1, the next rule2, and so on).

* **If (Condition) Part:** The condition of the rule corresponds to the premise of the natural sentence. This should be represented in a list following the `if` keyword. Each condition within the premise is converted to a list, using a variable in place of the specific subject. If the natural language implies multiple conditions, all those condition lists are included in the same `if` clause. For example, the sentence **""모든 새는 날 수 있다""** (""All birds can fly"") has the implicit premise ""if something is a bird"" – this is converted to the condition list `(?x 이다 새)` (where `?x` stands for an arbitrary instance of ""bird""). Another example, **""날 수 있는 동물은 새이다""** (""Any animal that can fly is a bird""), has a compound premise ""if something is an animal **and** (it) can fly"" – this yields two condition lists `(?x 이다 동물)` and `(?x can fly)` under the `if` clause. These condition lists are grouped together after the `if` in the rule.

* **Then (Conclusion) Part:** The conclusion of the rule is represented as a list following the `then` keyword, reflecting the outcome that holds when the condition is true. If there are multiple conclusions in the sentence, each would be listed in the `then` clause (though commonly there's one main conclusion). In our examples, for **""모든 새는 날 수 있다""**, the conclusion is that the entity can fly, represented as `(?x can fly)`. For **""날 수 있는 동물은 새이다""**, the conclusion is that the entity is a bird, represented as `(?x 이다 새)`. These follow the `then` in the rule.

* **Example – Complete Rule Conversion:**
  *Input:* ""모든 새는 날 수 있다.""
  *Output:*

  ```plaintext
  (keep '(rule1 if (?x 이다 새)))  
  (keep '(rule1 then (?x can fly)))  
  ```

  This corresponds to: If `?x` is a bird, **then** `?x` can fly. Both lines share the rule name `rule1`.
  *Another Input:* ""날 수 있는 동물은 새이다.""
  *Output:*

  ```plaintext
  (keep '(rule2 if (?x 이다 동물) (?x can fly)))  
  (keep '(rule2 then (?x 이다 새)))  
  ```

  This corresponds to: If `?x` is an animal **and** `?x` can fly, **then** `?x` is a bird. Here `rule2` is used for this second rule.

* **Use of Multiple Conditions/Conclusions:** NEO allows multiple conditions in the `if` part or multiple conclusions in the `then` part of a single rule if the sentence contains a compound premise or multiple outcomes. In the code, this is done by listing multiple condition lists after the `if` (and similarly multiple conclusion lists after the `then` if needed) within the same rule structure. The above example of the flying animal demonstrates multiple conditions in the `if` clause. If a sentence had multiple conclusions (e.g., ""If X, then Y and Z""), the `then` part would list both conclusion lists. The system prompt should mention that the model may encounter such cases and how to handle them (by including all relevant condition or conclusion lists after the appropriate keyword).

## Using Variables for General Statements

When converting general statements or rules, the prompt must enforce the use of **variables** like `?x`, `?y` in place of specific subjects or objects. These **binding variables** represent arbitrary instances of a concept in rules. The guideline is that the **same entity** mentioned in both the condition and conclusion of a rule should be represented by the **same variable** throughout that rule, to indicate they refer to the same thing. Different entities in the same sentence should use different variables (`?x`, `?y`, `?z`, etc.) as needed.

For example, in **""모든 새는 날 수 있다""**, an unspecified bird is represented as `?x` in both the `if` part (`(?x 이다 새)`) and the `then` part (`(?x can fly)`), linking the condition and conclusion to the same generic entity. The prompt should clearly instruct that the model replace concrete nouns with variables in rules, maintaining consistency (one variable per unique entity). In simple fact statements (like ""펭귄은 새다""), variables are not needed because the statement is about a specific individual (penguin), so the actual noun is used directly in the list.

## Output Restrictions: Code Only, No Explanatory Text

Critically, the system prompt must make it clear that **the model’s answer should contain only the converted NEO code, and nothing else**. This means the model should **not** produce any natural language explanation, comments, or additional clarification aside from the code itself. The output should be formatted as a snippet of code, ideally in a code block, containing one or more lines of NEO expressions. Each line should be a single complete `(keep '(...))` statement, and no line should contain anything outside of the parentheses besides the `keep` prefix. There should be no extra lines or blank lines either – just the code representation. For instance, if the input is ""펭귄은 새다"", the model’s entire answer should be something like:

```plaintext
(keep '(펭귄 이다 새))
```

Nothing before or after this line, no greeting, no explanation of what it means – only the code. Even if multiple lines are needed (as in the case of a rule with two lines), the response should still consist solely of those code lines, each properly formatted, and presented in a code block format for clarity. The prompt should explicitly warn the model *not* to output translations, descriptions, or any text except the NEO code itself.

## Scope Limitations and Exceptions

Finally, the system prompt should clarify that it deals **only with straightforward factual and rule-based sentences**. More complex or advanced sentences that go beyond simple facts or general implications are **out of scope** for this conversion. This includes things like function or object definitions in code, highly complex conditional statements, or any form of sentence that doesn’t fit the pattern of a basic assertion or a general rule. The prompt can assume that users will not provide such unsupported inputs. Therefore, the conversion rules above focus on common knowledge statements (facts) and general rules (universal statements or simple conditionals), and the model does not need to handle programming constructs or overly complicated sentences. By limiting the scope, the system ensures more accurate conversions for the intended types of input.

**In summary,** the system prompt must instruct the model to: take a Korean sentence, identify whether it states a simple fact or a general rule, then output the corresponding NEO knowledge base code using the correct list format. It should enforce the use of `keep` for storing facts, `if/then` structure with variables for rules, and strictly produce the code without any extra commentary. By adhering to all the above guidelines, the AI will consistently transform user inputs into the proper NEO knowledge base representation, enabling seamless building of a knowledge base from natural language statements.


---

## Output Restrictions: Code Only, No Explanatory Text

Critically, the system prompt must make it clear that **the model’s answer should contain only the converted NEO code, and nothing else**.
**Under no circumstances should the model output any natural language text, explanation, greeting, summary, translation, comment, or meta content. Only valid NEO code lines must be produced. Any non-code output is strictly prohibited.**

The output must consist of one or more lines of NEO expressions such as:

```plaintext
(keep '(펭귄 이다 새))
```

Each line must be a valid NEO expression using `(keep '(...))` or `(keep '(ruleN if ...))` / `(keep '(ruleN then ...))`.
No additional text, spacing, or context should appear before, after, or between these expressions.

---",보험료_감면_경감질문,0,1,N/A,N/A,N/A,"출산하신 것을 축하드립니다! 3개월 아기와 함께하는 육아는 정말 특별하고 소중한 시간일 텐데요. 출산 관련 보험료 경감 및 혜택에 대해 궁금하시다니, 자세히 알려드릴게요.

**1. 국민건강보험 출산 진료비 지원**

*   **출산 진료비 지원:** 국민건강보험 가입자의 경우, 출산 진료비를 100% 지원받을 수 있습니다. 단, 산부인과 의사 또는 피검사 의료기관에서 진료를 받아야 하며, 건강보험 적용 기준에 따라 진료비가 산정됩니다.
*   **선택분만 지원:** 보건복지부에서 지정한 분만 시설(산부인과, 병원, 여성건강진료센터 등)에서 분만 시 추가 지원금을 받을 수 있습니다. 자세한 내용은 해당 시설에 문의하거나 보건복지부 홈페이지에서 확인하세요.

**2. 세액공제 및 기타 혜택**

*   **출산·육아 관련 세액공제:**
    *   **출산 지원금:** 출산 시 아동에게 100만원의 세액공제가 적용됩니다.
    *   **육아 수당:** 만 0세부터 만 12세(만 13세 이상은 초·중·고등학교 재학 중인 경우) 자녀 양육비에 대해 연간 최대 150만원의 세액공제가 적용됩니다. (소득 수준에 따라 공제 금액이 달라질 수 있습니다.)
    *   **기저귀 세액공제:** 만 2세 미만의 아동에게 구입한 기저귀에 대해 연간 30만원의 세액공제가 적용됩니다.
    *   **의료비 세액공제:** 자녀의 의료비 지출에 대해 15% 세액공제를 받을 수 있습니다. (단, 총 급여액 7천만원 이상인 경우 12%로 낮아짐)
    *   **교육비 세액공제:** 자녀의 교육비 지출에 대해 15% 세액공제를 받을 수 있습니다. (고등교육기관 등록금은 20% 공제)
*   **국민연금 출산 휴가 급여:** 출산 휴가 기간",142.23704481124878,512.0,37.0,549.0
,"최근에 암 진단을 받았고 치료 중인데, 건강보험료를 줄일 수 있는 제도가 있나요?",gemma-3-12b-it-Q6_K,"[RAG 문서]
(keep '(근로자 이다 직업_종류와_관계없이_보수를_받아_생활하는_사람))

# NEO Knowledge Base Conversion System Prompt

## Introduction

The NEO knowledge base uses a structured list (S-expression) format to represent **facts** and **rules**, which are stored using a special `keep` command. In this format, each fact or rule is enclosed in parentheses as a list. **Rules** are expressed as two related lists sharing the same rule name: one list for the condition (preceded by `if`) and one for the conclusion (preceded by `then`). The system prompt will ensure that any Korean sentence input by a user is automatically converted into this NEO code format, following a strict set of guidelines. Below are the key requirements and conversion rules that the system prompt must enforce:

## Input Format: Korean Sentences

The input to the model will always be a natural language sentence in **Korean**. The system assumes the user’s query is given in Korean and is a simple declarative statement (either a factual statement or a general rule statement). For example, valid inputs might be `""펭귄은 새다""` (""Penguin is a bird"") or `""모든 새는 날 수 있다""` (""All birds can fly""). The prompt should explicitly note that it expects Korean sentences as input, with examples of the format.

## Output Format: NEO List Code

The model’s output **must be in NEO code**, i.e. in the form of lists (S-expressions) that represent the content of the sentence. The subject and predicate (and any object or complement) of the sentence are to be represented as a parenthesized list in the NEO syntax. In other words, the natural language input should be transformed into a **logical form list**. For example:

* Input `""펭귄은 새다""` (Penguin is a bird) should become the list `(펭귄 이다 새)`. Here `펭귄` (penguin) is the subject and `새` (bird) is the category or class, with the copula ""`이다`"" denoting the ""is-a"" relationship.
* Input `""제비는 날 수 있다""` (A swallow can fly) should become `(제비 can fly)`, representing that the subject *제비* (swallow) has the ability *fly*.

The prompt must ensure the output is **not natural language text** but strictly the NEO code representation of the sentence. All Korean entities and relations should be expressed in the list format using the appropriate symbols or English phrases as defined in the knowledge base. (For instance, the predicate `이다` is used for ""is a"" relations, and the phrase `can fly` is used to denote the ability ""날 수 있다"". Other abilities or relations may similarly be represented with English phrases for consistency.)

## Representing Facts with `keep`

If the input sentence is a **simple fact statement**, it should be output as a list wrapped with the `keep` command. A fact here means a basic statement that some individual has some property or belongs to some category (e.g. ""A is B"", or ""A can do X""). Since each fact is a unit of knowledge to be stored in the knowledge base, the `keep` command is used to save it. The general form is:

```
(keep '(...))
```

where the `...` is the list representing the fact. For example:

* Input: **""펭귄은 새다""** – a factual statement that a penguin is a bird.
  **Output:** `(keep '(펭귄 이다 새))`.
* Input: **""제비는 날 수 있다""** – a factual statement about a swallow’s ability.
  **Output:** `(keep '(제비 can fly))`.

In these outputs, the inner list `'(펭귄 이다 새)` or `'(제비 can fly)` is the actual knowledge being expressed, and the `keep '(... )` wrapper instructs NEO to store that fact in the knowledge base. No additional text or explanation accompanies the output – it is purely the code needed to record the fact.

## Representing Rules with If/Then Structure

If the input sentence expresses a **general rule or a conditional statement** (for example, sentences that imply ""all X have property Y"" or ""if X, then Y""), it must be converted into an **if/then rule structure** in NEO. Such a rule is represented by two lists: one for the **antecedent** (condition) and one for the **consequent** (result), each preceded by a shared rule name symbol. The conversion guidelines for rules are as follows:

* **Rule Naming:** Each rule is given a unique name, like `rule1`, `rule2`, etc. The rule name is consistent across the two parts of the rule, linking the `if` part and the `then` part as one rule. The prompt should specify that rule names are to be generated sequentially for each new rule sentence (e.g., the first rule encountered is rule1, the next rule2, and so on).

* **If (Condition) Part:** The condition of the rule corresponds to the premise of the natural sentence. This should be represented in a list following the `if` keyword. Each condition within the premise is converted to a list, using a variable in place of the specific subject. If the natural language implies multiple conditions, all those condition lists are included in the same `if` clause. For example, the sentence **""모든 새는 날 수 있다""** (""All birds can fly"") has the implicit premise ""if something is a bird"" – this is converted to the condition list `(?x 이다 새)` (where `?x` stands for an arbitrary instance of ""bird""). Another example, **""날 수 있는 동물은 새이다""** (""Any animal that can fly is a bird""), has a compound premise ""if something is an animal **and** (it) can fly"" – this yields two condition lists `(?x 이다 동물)` and `(?x can fly)` under the `if` clause. These condition lists are grouped together after the `if` in the rule.

* **Then (Conclusion) Part:** The conclusion of the rule is represented as a list following the `then` keyword, reflecting the outcome that holds when the condition is true. If there are multiple conclusions in the sentence, each would be listed in the `then` clause (though commonly there's one main conclusion). In our examples, for **""모든 새는 날 수 있다""**, the conclusion is that the entity can fly, represented as `(?x can fly)`. For **""날 수 있는 동물은 새이다""**, the conclusion is that the entity is a bird, represented as `(?x 이다 새)`. These follow the `then` in the rule.

* **Example – Complete Rule Conversion:**
  *Input:* ""모든 새는 날 수 있다.""
  *Output:*

  ```plaintext
  (keep '(rule1 if (?x 이다 새)))  
  (keep '(rule1 then (?x can fly)))  
  ```

  This corresponds to: If `?x` is a bird, **then** `?x` can fly. Both lines share the rule name `rule1`.
  *Another Input:* ""날 수 있는 동물은 새이다.""
  *Output:*

  ```plaintext
  (keep '(rule2 if (?x 이다 동물) (?x can fly)))  
  (keep '(rule2 then (?x 이다 새)))  
  ```

  This corresponds to: If `?x` is an animal **and** `?x` can fly, **then** `?x` is a bird. Here `rule2` is used for this second rule.

* **Use of Multiple Conditions/Conclusions:** NEO allows multiple conditions in the `if` part or multiple conclusions in the `then` part of a single rule if the sentence contains a compound premise or multiple outcomes. In the code, this is done by listing multiple condition lists after the `if` (and similarly multiple conclusion lists after the `then` if needed) within the same rule structure. The above example of the flying animal demonstrates multiple conditions in the `if` clause. If a sentence had multiple conclusions (e.g., ""If X, then Y and Z""), the `then` part would list both conclusion lists. The system prompt should mention that the model may encounter such cases and how to handle them (by including all relevant condition or conclusion lists after the appropriate keyword).

## Using Variables for General Statements

When converting general statements or rules, the prompt must enforce the use of **variables** like `?x`, `?y` in place of specific subjects or objects. These **binding variables** represent arbitrary instances of a concept in rules. The guideline is that the **same entity** mentioned in both the condition and conclusion of a rule should be represented by the **same variable** throughout that rule, to indicate they refer to the same thing. Different entities in the same sentence should use different variables (`?x`, `?y`, `?z`, etc.) as needed.

For example, in **""모든 새는 날 수 있다""**, an unspecified bird is represented as `?x` in both the `if` part (`(?x 이다 새)`) and the `then` part (`(?x can fly)`), linking the condition and conclusion to the same generic entity. The prompt should clearly instruct that the model replace concrete nouns with variables in rules, maintaining consistency (one variable per unique entity). In simple fact statements (like ""펭귄은 새다""), variables are not needed because the statement is about a specific individual (penguin), so the actual noun is used directly in the list.

## Output Restrictions: Code Only, No Explanatory Text

Critically, the system prompt must make it clear that **the model’s answer should contain only the converted NEO code, and nothing else**. This means the model should **not** produce any natural language explanation, comments, or additional clarification aside from the code itself. The output should be formatted as a snippet of code, ideally in a code block, containing one or more lines of NEO expressions. Each line should be a single complete `(keep '(...))` statement, and no line should contain anything outside of the parentheses besides the `keep` prefix. There should be no extra lines or blank lines either – just the code representation. For instance, if the input is ""펭귄은 새다"", the model’s entire answer should be something like:

```plaintext
(keep '(펭귄 이다 새))
```

Nothing before or after this line, no greeting, no explanation of what it means – only the code. Even if multiple lines are needed (as in the case of a rule with two lines), the response should still consist solely of those code lines, each properly formatted, and presented in a code block format for clarity. The prompt should explicitly warn the model *not* to output translations, descriptions, or any text except the NEO code itself.

## Scope Limitations and Exceptions

Finally, the system prompt should clarify that it deals **only with straightforward factual and rule-based sentences**. More complex or advanced sentences that go beyond simple facts or general implications are **out of scope** for this conversion. This includes things like function or object definitions in code, highly complex conditional statements, or any form of sentence that doesn’t fit the pattern of a basic assertion or a general rule. The prompt can assume that users will not provide such unsupported inputs. Therefore, the conversion rules above focus on common knowledge statements (facts) and general rules (universal statements or simple conditionals), and the model does not need to handle programming constructs or overly complicated sentences. By limiting the scope, the system ensures more accurate conversions for the intended types of input.

**In summary,** the system prompt must instruct the model to: take a Korean sentence, identify whether it states a simple fact or a general rule, then output the corresponding NEO knowledge base code using the correct list format. It should enforce the use of `keep` for storing facts, `if/then` structure with variables for rules, and strictly produce the code without any extra commentary. By adhering to all the above guidelines, the AI will consistently transform user inputs into the proper NEO knowledge base representation, enabling seamless building of a knowledge base from natural language statements.


---

## Output Restrictions: Code Only, No Explanatory Text

Critically, the system prompt must make it clear that **the model’s answer should contain only the converted NEO code, and nothing else**.
**Under no circumstances should the model output any natural language text, explanation, greeting, summary, translation, comment, or meta content. Only valid NEO code lines must be produced. Any non-code output is strictly prohibited.**

The output must consist of one or more lines of NEO expressions such as:

```plaintext
(keep '(펭귄 이다 새))
```

Each line must be a valid NEO expression using `(keep '(...))` or `(keep '(ruleN if ...))` / `(keep '(ruleN then ...))`.
No additional text, spacing, or context should appear before, after, or between these expressions.

---",보험료_감면_경감질문,0,1,N/A,N/A,N/A,"암 진단을 받고 치료 중이시라니, 힘든 시간을 보내고 계실 텐데 위로의 말씀을 드립니다. 암으로 인한 경제적인 부담을 덜어드리는 건강보험료 경감 제도들이 있습니다. 몇 가지 주요 제도와 신청 방법을 안내해 드릴게요.

**1. 암환자 본인부담경감제**

*   **혜택:** 암 진단 및 치료에 필요한 약제비, 검사비, 방사선 치료비, 수술비 등 의료비 부담을 경감해 줍니다.
*   **조건:** 암(악성신생물)으로 진단받고, 건강보험 가입자 또는 피부양자여야 합니다.
*   **경감률:**
    *   **소득 수준에 따라 차등 적용:**
        *   1구간: 소득 1만 원 미만 - 80% 경감
        *   2구간: 소득 1만 원 ~ 3만 원 - 60% 경감
        *   3구간: 소득 3만 원 ~ 5만 원 - 40% 경감
        *   4구간: 소득 5만 원 ~ 7만 원 - 20% 경감
        *   5구간: 소득 7만 원 초과 - 10% 경감
    *   **소득 기준:** 가구 소득인 기준 (소득세 신고 기준)
*   **신청 방법:** 별도 신청 없이 의료기관에서 진료받으면 자동으로 적용됩니다.

**2. 건강보험료 부과 경감 제도**

*   **혜택:** 질병, 부상 등으로 인해 소득이 감소한 경우 건강보험료 부담을 경감해 줍니다. 암 치료로 인해 소득이 줄어들었다면 신청 가능합니다.
*   **조건:**
    *   건강보험 가입자 또는 피부양자
    *   질병, 부상 등으로 인해 소득이 감소
    *   소득 감소액이 건강보험료의 50% 이상이어야 함
*   **경감률:** 소득 감소액에 따라 건강보험료를 경감
*   **신청 방법:**
    *   **소득 감소 확인 서류:** 진료 확인서, 소득 감소를 증명하는 서류",141.25538611412048,512.0,34.0,546.0
,"고등학생 자녀가 둘 있고, 저는 혼자 벌고 있어요. 이런 경우 건강보험료 할인 혜택이 있을까요?",gemma-3-12b-it-Q6_K,"[RAG 문서]
(keep '(근로자 이다 직업_종류와_관계없이_보수를_받아_생활하는_사람))

# NEO Knowledge Base Conversion System Prompt

## Introduction

The NEO knowledge base uses a structured list (S-expression) format to represent **facts** and **rules**, which are stored using a special `keep` command. In this format, each fact or rule is enclosed in parentheses as a list. **Rules** are expressed as two related lists sharing the same rule name: one list for the condition (preceded by `if`) and one for the conclusion (preceded by `then`). The system prompt will ensure that any Korean sentence input by a user is automatically converted into this NEO code format, following a strict set of guidelines. Below are the key requirements and conversion rules that the system prompt must enforce:

## Input Format: Korean Sentences

The input to the model will always be a natural language sentence in **Korean**. The system assumes the user’s query is given in Korean and is a simple declarative statement (either a factual statement or a general rule statement). For example, valid inputs might be `""펭귄은 새다""` (""Penguin is a bird"") or `""모든 새는 날 수 있다""` (""All birds can fly""). The prompt should explicitly note that it expects Korean sentences as input, with examples of the format.

## Output Format: NEO List Code

The model’s output **must be in NEO code**, i.e. in the form of lists (S-expressions) that represent the content of the sentence. The subject and predicate (and any object or complement) of the sentence are to be represented as a parenthesized list in the NEO syntax. In other words, the natural language input should be transformed into a **logical form list**. For example:

* Input `""펭귄은 새다""` (Penguin is a bird) should become the list `(펭귄 이다 새)`. Here `펭귄` (penguin) is the subject and `새` (bird) is the category or class, with the copula ""`이다`"" denoting the ""is-a"" relationship.
* Input `""제비는 날 수 있다""` (A swallow can fly) should become `(제비 can fly)`, representing that the subject *제비* (swallow) has the ability *fly*.

The prompt must ensure the output is **not natural language text** but strictly the NEO code representation of the sentence. All Korean entities and relations should be expressed in the list format using the appropriate symbols or English phrases as defined in the knowledge base. (For instance, the predicate `이다` is used for ""is a"" relations, and the phrase `can fly` is used to denote the ability ""날 수 있다"". Other abilities or relations may similarly be represented with English phrases for consistency.)

## Representing Facts with `keep`

If the input sentence is a **simple fact statement**, it should be output as a list wrapped with the `keep` command. A fact here means a basic statement that some individual has some property or belongs to some category (e.g. ""A is B"", or ""A can do X""). Since each fact is a unit of knowledge to be stored in the knowledge base, the `keep` command is used to save it. The general form is:

```
(keep '(...))
```

where the `...` is the list representing the fact. For example:

* Input: **""펭귄은 새다""** – a factual statement that a penguin is a bird.
  **Output:** `(keep '(펭귄 이다 새))`.
* Input: **""제비는 날 수 있다""** – a factual statement about a swallow’s ability.
  **Output:** `(keep '(제비 can fly))`.

In these outputs, the inner list `'(펭귄 이다 새)` or `'(제비 can fly)` is the actual knowledge being expressed, and the `keep '(... )` wrapper instructs NEO to store that fact in the knowledge base. No additional text or explanation accompanies the output – it is purely the code needed to record the fact.

## Representing Rules with If/Then Structure

If the input sentence expresses a **general rule or a conditional statement** (for example, sentences that imply ""all X have property Y"" or ""if X, then Y""), it must be converted into an **if/then rule structure** in NEO. Such a rule is represented by two lists: one for the **antecedent** (condition) and one for the **consequent** (result), each preceded by a shared rule name symbol. The conversion guidelines for rules are as follows:

* **Rule Naming:** Each rule is given a unique name, like `rule1`, `rule2`, etc. The rule name is consistent across the two parts of the rule, linking the `if` part and the `then` part as one rule. The prompt should specify that rule names are to be generated sequentially for each new rule sentence (e.g., the first rule encountered is rule1, the next rule2, and so on).

* **If (Condition) Part:** The condition of the rule corresponds to the premise of the natural sentence. This should be represented in a list following the `if` keyword. Each condition within the premise is converted to a list, using a variable in place of the specific subject. If the natural language implies multiple conditions, all those condition lists are included in the same `if` clause. For example, the sentence **""모든 새는 날 수 있다""** (""All birds can fly"") has the implicit premise ""if something is a bird"" – this is converted to the condition list `(?x 이다 새)` (where `?x` stands for an arbitrary instance of ""bird""). Another example, **""날 수 있는 동물은 새이다""** (""Any animal that can fly is a bird""), has a compound premise ""if something is an animal **and** (it) can fly"" – this yields two condition lists `(?x 이다 동물)` and `(?x can fly)` under the `if` clause. These condition lists are grouped together after the `if` in the rule.

* **Then (Conclusion) Part:** The conclusion of the rule is represented as a list following the `then` keyword, reflecting the outcome that holds when the condition is true. If there are multiple conclusions in the sentence, each would be listed in the `then` clause (though commonly there's one main conclusion). In our examples, for **""모든 새는 날 수 있다""**, the conclusion is that the entity can fly, represented as `(?x can fly)`. For **""날 수 있는 동물은 새이다""**, the conclusion is that the entity is a bird, represented as `(?x 이다 새)`. These follow the `then` in the rule.

* **Example – Complete Rule Conversion:**
  *Input:* ""모든 새는 날 수 있다.""
  *Output:*

  ```plaintext
  (keep '(rule1 if (?x 이다 새)))  
  (keep '(rule1 then (?x can fly)))  
  ```

  This corresponds to: If `?x` is a bird, **then** `?x` can fly. Both lines share the rule name `rule1`.
  *Another Input:* ""날 수 있는 동물은 새이다.""
  *Output:*

  ```plaintext
  (keep '(rule2 if (?x 이다 동물) (?x can fly)))  
  (keep '(rule2 then (?x 이다 새)))  
  ```

  This corresponds to: If `?x` is an animal **and** `?x` can fly, **then** `?x` is a bird. Here `rule2` is used for this second rule.

* **Use of Multiple Conditions/Conclusions:** NEO allows multiple conditions in the `if` part or multiple conclusions in the `then` part of a single rule if the sentence contains a compound premise or multiple outcomes. In the code, this is done by listing multiple condition lists after the `if` (and similarly multiple conclusion lists after the `then` if needed) within the same rule structure. The above example of the flying animal demonstrates multiple conditions in the `if` clause. If a sentence had multiple conclusions (e.g., ""If X, then Y and Z""), the `then` part would list both conclusion lists. The system prompt should mention that the model may encounter such cases and how to handle them (by including all relevant condition or conclusion lists after the appropriate keyword).

## Using Variables for General Statements

When converting general statements or rules, the prompt must enforce the use of **variables** like `?x`, `?y` in place of specific subjects or objects. These **binding variables** represent arbitrary instances of a concept in rules. The guideline is that the **same entity** mentioned in both the condition and conclusion of a rule should be represented by the **same variable** throughout that rule, to indicate they refer to the same thing. Different entities in the same sentence should use different variables (`?x`, `?y`, `?z`, etc.) as needed.

For example, in **""모든 새는 날 수 있다""**, an unspecified bird is represented as `?x` in both the `if` part (`(?x 이다 새)`) and the `then` part (`(?x can fly)`), linking the condition and conclusion to the same generic entity. The prompt should clearly instruct that the model replace concrete nouns with variables in rules, maintaining consistency (one variable per unique entity). In simple fact statements (like ""펭귄은 새다""), variables are not needed because the statement is about a specific individual (penguin), so the actual noun is used directly in the list.

## Output Restrictions: Code Only, No Explanatory Text

Critically, the system prompt must make it clear that **the model’s answer should contain only the converted NEO code, and nothing else**. This means the model should **not** produce any natural language explanation, comments, or additional clarification aside from the code itself. The output should be formatted as a snippet of code, ideally in a code block, containing one or more lines of NEO expressions. Each line should be a single complete `(keep '(...))` statement, and no line should contain anything outside of the parentheses besides the `keep` prefix. There should be no extra lines or blank lines either – just the code representation. For instance, if the input is ""펭귄은 새다"", the model’s entire answer should be something like:

```plaintext
(keep '(펭귄 이다 새))
```

Nothing before or after this line, no greeting, no explanation of what it means – only the code. Even if multiple lines are needed (as in the case of a rule with two lines), the response should still consist solely of those code lines, each properly formatted, and presented in a code block format for clarity. The prompt should explicitly warn the model *not* to output translations, descriptions, or any text except the NEO code itself.

## Scope Limitations and Exceptions

Finally, the system prompt should clarify that it deals **only with straightforward factual and rule-based sentences**. More complex or advanced sentences that go beyond simple facts or general implications are **out of scope** for this conversion. This includes things like function or object definitions in code, highly complex conditional statements, or any form of sentence that doesn’t fit the pattern of a basic assertion or a general rule. The prompt can assume that users will not provide such unsupported inputs. Therefore, the conversion rules above focus on common knowledge statements (facts) and general rules (universal statements or simple conditionals), and the model does not need to handle programming constructs or overly complicated sentences. By limiting the scope, the system ensures more accurate conversions for the intended types of input.

**In summary,** the system prompt must instruct the model to: take a Korean sentence, identify whether it states a simple fact or a general rule, then output the corresponding NEO knowledge base code using the correct list format. It should enforce the use of `keep` for storing facts, `if/then` structure with variables for rules, and strictly produce the code without any extra commentary. By adhering to all the above guidelines, the AI will consistently transform user inputs into the proper NEO knowledge base representation, enabling seamless building of a knowledge base from natural language statements.


---

## Output Restrictions: Code Only, No Explanatory Text

Critically, the system prompt must make it clear that **the model’s answer should contain only the converted NEO code, and nothing else**.
**Under no circumstances should the model output any natural language text, explanation, greeting, summary, translation, comment, or meta content. Only valid NEO code lines must be produced. Any non-code output is strictly prohibited.**

The output must consist of one or more lines of NEO expressions such as:

```plaintext
(keep '(펭귄 이다 새))
```

Each line must be a valid NEO expression using `(keep '(...))` or `(keep '(ruleN if ...))` / `(keep '(ruleN then ...))`.
No additional text, spacing, or context should appear before, after, or between these expressions.

---",보험료_감면_경감질문,0,1,N/A,N/A,N/A,"네, 고등학생 자녀 둘을 두고 혼자 소득을 벌고 계신 경우 건강보험료 할인 혜택을 받을 수 있습니다. 

**1. 다자녀 가구 건강보험료 경감**

*   **혜택 내용:** 자녀 수에 따라 건강보험료를 경감해 줍니다.
*   **요건:**
    *   만 18세 이상 30세 미만인 자녀가 2명 이상이어야 합니다. (고등학생에 해당)
    *   가구 소득이 일정 수준 이하이어야 합니다. (소득 기준은 매년 변경될 수 있으므로 확인 필요)
*   **경감율:**
    *   자녀 2명: 월 보험료의 5% 경감
    *   자녀 3명: 월 보험료의 10% 경감
    *   자녀 4명 이상: 월 보험료의 15% 경감
*   **소득 기준 (2024년 기준):**
    *   월 납입 보험료가 10만 원 이하: 소득 분위 30% 이하
    *   월 납입 보험료가 10만 원 초과: 소득 분위 40% 이하

**2. 저소득층 건강보험료 감면**

*   **혜택 내용:** 소득과 재산이 일정 기준 이하인 경우 건강보험료를 감면해 줍니다.
*   **요건:**
    *   소득과 재산이 기준 중위소득의 일정 비율 이하이어야 합니다. (기준은 매년 변경될 수 있으므로 확인 필요)
*   **감면율:** 소득 수준에 따라 차등 적용됩니다.

**3. 기타 혜택**

*   **본인부담상한제:** 1년 동안의 의료비 본인 부담금이 일정 금액을 초과하는 경우, 초과 금액을 환급받을 수 있습니다.

**확인 방법 및 신청 절차**

*   **건강보험공단:**
    *   홈페이지: [https://www.nhis.or.kr/](https://www.nhis.or.kr/)
    *   전화 상담: 1577-1000
    *   가까운 건강보험",140.98714780807495,512.0,38.0,550.0
,"이번에 전입신고를 했는데, 자동차가 제 명의라서 보험료가 많이 나와요. 꼭 자동차가 있으면 보험료가 올라가나요?",gemma-3-12b-it-Q6_K,"[RAG 문서]
(keep '(근로자 이다 직업_종류와_관계없이_보수를_받아_생활하는_사람))

# NEO Knowledge Base Conversion System Prompt

## Introduction

The NEO knowledge base uses a structured list (S-expression) format to represent **facts** and **rules**, which are stored using a special `keep` command. In this format, each fact or rule is enclosed in parentheses as a list. **Rules** are expressed as two related lists sharing the same rule name: one list for the condition (preceded by `if`) and one for the conclusion (preceded by `then`). The system prompt will ensure that any Korean sentence input by a user is automatically converted into this NEO code format, following a strict set of guidelines. Below are the key requirements and conversion rules that the system prompt must enforce:

## Input Format: Korean Sentences

The input to the model will always be a natural language sentence in **Korean**. The system assumes the user’s query is given in Korean and is a simple declarative statement (either a factual statement or a general rule statement). For example, valid inputs might be `""펭귄은 새다""` (""Penguin is a bird"") or `""모든 새는 날 수 있다""` (""All birds can fly""). The prompt should explicitly note that it expects Korean sentences as input, with examples of the format.

## Output Format: NEO List Code

The model’s output **must be in NEO code**, i.e. in the form of lists (S-expressions) that represent the content of the sentence. The subject and predicate (and any object or complement) of the sentence are to be represented as a parenthesized list in the NEO syntax. In other words, the natural language input should be transformed into a **logical form list**. For example:

* Input `""펭귄은 새다""` (Penguin is a bird) should become the list `(펭귄 이다 새)`. Here `펭귄` (penguin) is the subject and `새` (bird) is the category or class, with the copula ""`이다`"" denoting the ""is-a"" relationship.
* Input `""제비는 날 수 있다""` (A swallow can fly) should become `(제비 can fly)`, representing that the subject *제비* (swallow) has the ability *fly*.

The prompt must ensure the output is **not natural language text** but strictly the NEO code representation of the sentence. All Korean entities and relations should be expressed in the list format using the appropriate symbols or English phrases as defined in the knowledge base. (For instance, the predicate `이다` is used for ""is a"" relations, and the phrase `can fly` is used to denote the ability ""날 수 있다"". Other abilities or relations may similarly be represented with English phrases for consistency.)

## Representing Facts with `keep`

If the input sentence is a **simple fact statement**, it should be output as a list wrapped with the `keep` command. A fact here means a basic statement that some individual has some property or belongs to some category (e.g. ""A is B"", or ""A can do X""). Since each fact is a unit of knowledge to be stored in the knowledge base, the `keep` command is used to save it. The general form is:

```
(keep '(...))
```

where the `...` is the list representing the fact. For example:

* Input: **""펭귄은 새다""** – a factual statement that a penguin is a bird.
  **Output:** `(keep '(펭귄 이다 새))`.
* Input: **""제비는 날 수 있다""** – a factual statement about a swallow’s ability.
  **Output:** `(keep '(제비 can fly))`.

In these outputs, the inner list `'(펭귄 이다 새)` or `'(제비 can fly)` is the actual knowledge being expressed, and the `keep '(... )` wrapper instructs NEO to store that fact in the knowledge base. No additional text or explanation accompanies the output – it is purely the code needed to record the fact.

## Representing Rules with If/Then Structure

If the input sentence expresses a **general rule or a conditional statement** (for example, sentences that imply ""all X have property Y"" or ""if X, then Y""), it must be converted into an **if/then rule structure** in NEO. Such a rule is represented by two lists: one for the **antecedent** (condition) and one for the **consequent** (result), each preceded by a shared rule name symbol. The conversion guidelines for rules are as follows:

* **Rule Naming:** Each rule is given a unique name, like `rule1`, `rule2`, etc. The rule name is consistent across the two parts of the rule, linking the `if` part and the `then` part as one rule. The prompt should specify that rule names are to be generated sequentially for each new rule sentence (e.g., the first rule encountered is rule1, the next rule2, and so on).

* **If (Condition) Part:** The condition of the rule corresponds to the premise of the natural sentence. This should be represented in a list following the `if` keyword. Each condition within the premise is converted to a list, using a variable in place of the specific subject. If the natural language implies multiple conditions, all those condition lists are included in the same `if` clause. For example, the sentence **""모든 새는 날 수 있다""** (""All birds can fly"") has the implicit premise ""if something is a bird"" – this is converted to the condition list `(?x 이다 새)` (where `?x` stands for an arbitrary instance of ""bird""). Another example, **""날 수 있는 동물은 새이다""** (""Any animal that can fly is a bird""), has a compound premise ""if something is an animal **and** (it) can fly"" – this yields two condition lists `(?x 이다 동물)` and `(?x can fly)` under the `if` clause. These condition lists are grouped together after the `if` in the rule.

* **Then (Conclusion) Part:** The conclusion of the rule is represented as a list following the `then` keyword, reflecting the outcome that holds when the condition is true. If there are multiple conclusions in the sentence, each would be listed in the `then` clause (though commonly there's one main conclusion). In our examples, for **""모든 새는 날 수 있다""**, the conclusion is that the entity can fly, represented as `(?x can fly)`. For **""날 수 있는 동물은 새이다""**, the conclusion is that the entity is a bird, represented as `(?x 이다 새)`. These follow the `then` in the rule.

* **Example – Complete Rule Conversion:**
  *Input:* ""모든 새는 날 수 있다.""
  *Output:*

  ```plaintext
  (keep '(rule1 if (?x 이다 새)))  
  (keep '(rule1 then (?x can fly)))  
  ```

  This corresponds to: If `?x` is a bird, **then** `?x` can fly. Both lines share the rule name `rule1`.
  *Another Input:* ""날 수 있는 동물은 새이다.""
  *Output:*

  ```plaintext
  (keep '(rule2 if (?x 이다 동물) (?x can fly)))  
  (keep '(rule2 then (?x 이다 새)))  
  ```

  This corresponds to: If `?x` is an animal **and** `?x` can fly, **then** `?x` is a bird. Here `rule2` is used for this second rule.

* **Use of Multiple Conditions/Conclusions:** NEO allows multiple conditions in the `if` part or multiple conclusions in the `then` part of a single rule if the sentence contains a compound premise or multiple outcomes. In the code, this is done by listing multiple condition lists after the `if` (and similarly multiple conclusion lists after the `then` if needed) within the same rule structure. The above example of the flying animal demonstrates multiple conditions in the `if` clause. If a sentence had multiple conclusions (e.g., ""If X, then Y and Z""), the `then` part would list both conclusion lists. The system prompt should mention that the model may encounter such cases and how to handle them (by including all relevant condition or conclusion lists after the appropriate keyword).

## Using Variables for General Statements

When converting general statements or rules, the prompt must enforce the use of **variables** like `?x`, `?y` in place of specific subjects or objects. These **binding variables** represent arbitrary instances of a concept in rules. The guideline is that the **same entity** mentioned in both the condition and conclusion of a rule should be represented by the **same variable** throughout that rule, to indicate they refer to the same thing. Different entities in the same sentence should use different variables (`?x`, `?y`, `?z`, etc.) as needed.

For example, in **""모든 새는 날 수 있다""**, an unspecified bird is represented as `?x` in both the `if` part (`(?x 이다 새)`) and the `then` part (`(?x can fly)`), linking the condition and conclusion to the same generic entity. The prompt should clearly instruct that the model replace concrete nouns with variables in rules, maintaining consistency (one variable per unique entity). In simple fact statements (like ""펭귄은 새다""), variables are not needed because the statement is about a specific individual (penguin), so the actual noun is used directly in the list.

## Output Restrictions: Code Only, No Explanatory Text

Critically, the system prompt must make it clear that **the model’s answer should contain only the converted NEO code, and nothing else**. This means the model should **not** produce any natural language explanation, comments, or additional clarification aside from the code itself. The output should be formatted as a snippet of code, ideally in a code block, containing one or more lines of NEO expressions. Each line should be a single complete `(keep '(...))` statement, and no line should contain anything outside of the parentheses besides the `keep` prefix. There should be no extra lines or blank lines either – just the code representation. For instance, if the input is ""펭귄은 새다"", the model’s entire answer should be something like:

```plaintext
(keep '(펭귄 이다 새))
```

Nothing before or after this line, no greeting, no explanation of what it means – only the code. Even if multiple lines are needed (as in the case of a rule with two lines), the response should still consist solely of those code lines, each properly formatted, and presented in a code block format for clarity. The prompt should explicitly warn the model *not* to output translations, descriptions, or any text except the NEO code itself.

## Scope Limitations and Exceptions

Finally, the system prompt should clarify that it deals **only with straightforward factual and rule-based sentences**. More complex or advanced sentences that go beyond simple facts or general implications are **out of scope** for this conversion. This includes things like function or object definitions in code, highly complex conditional statements, or any form of sentence that doesn’t fit the pattern of a basic assertion or a general rule. The prompt can assume that users will not provide such unsupported inputs. Therefore, the conversion rules above focus on common knowledge statements (facts) and general rules (universal statements or simple conditionals), and the model does not need to handle programming constructs or overly complicated sentences. By limiting the scope, the system ensures more accurate conversions for the intended types of input.

**In summary,** the system prompt must instruct the model to: take a Korean sentence, identify whether it states a simple fact or a general rule, then output the corresponding NEO knowledge base code using the correct list format. It should enforce the use of `keep` for storing facts, `if/then` structure with variables for rules, and strictly produce the code without any extra commentary. By adhering to all the above guidelines, the AI will consistently transform user inputs into the proper NEO knowledge base representation, enabling seamless building of a knowledge base from natural language statements.


---

## Output Restrictions: Code Only, No Explanatory Text

Critically, the system prompt must make it clear that **the model’s answer should contain only the converted NEO code, and nothing else**.
**Under no circumstances should the model output any natural language text, explanation, greeting, summary, translation, comment, or meta content. Only valid NEO code lines must be produced. Any non-code output is strictly prohibited.**

The output must consist of one or more lines of NEO expressions such as:

```plaintext
(keep '(펭귄 이다 새))
```

Each line must be a valid NEO expression using `(keep '(...))` or `(keep '(ruleN if ...))` / `(keep '(ruleN then ...))`.
No additional text, spacing, or context should appear before, after, or between these expressions.

---",보험료_감면_경감질문,0,1,N/A,N/A,N/A,"전입신고와 자동차 보험료의 관계에 대해 문의주셨네요. 결론부터 말씀드리면, 전입신고 자체만으로는 보험료가 반드시 오르지는 않습니다. 하지만 몇 가지 상황에 따라 보험료에 영향을 줄 수 있습니다.

**1. 전입신고와 보험료의 간접적인 영향:**

*   **이사 지역의 위험도:** 전입하신 지역의 교통사고 발생률, 차량털이 범죄율 등이 높을 경우, 해당 지역에 거주하는 운전자에 대한 보험사의 위험 평가가 올라가 보험료 인상 요인이 될 수 있습니다.
*   **자동차 등급 조정:** 전입 지역에 따라 자동차의 등급이 조정될 수 있습니다. 예를 들어, 특정 지역은 도로 환경이나 교통 상황을 고려하여 자동차의 안전 등급을 낮추는 경우가 있습니다. 이 경우 보험료가 상승할 수 있습니다.
*   **보험 계약 갱신 시:** 전입신고 후 보험 계약 갱신 시, 새로운 주소지가 반영되면서 보험료가 조정될 수 있습니다.

**2. 자동차 보험료에 직접적인 영향을 주는 요인:**

전입신고 외에도 자동차 보험료에 직접적인 영향을 주는 요인들은 다음과 같습니다.

*   **운전 경력 및 운전 습관:** 운전 경력이 짧거나 사고 이력, 과속, 음주운전 등 교통 법규 위반 기록이 있는 경우 보험료가 높게 책정됩니다.
*   **자동차 종류 및 연식:** 고성능 차량, 수입차, 연식이 오래된 차량은 보험료가 더 비쌀 수 있습니다.
*   **보험 종류 및 보장 범위:** 보험 종류(자차, 종합) 및 보장 범위에 따라 보험료가 달라집니다.
*   **만기 공임 요율:** 자동차 수리 비용을 결정하는 만기 공임 요율에 따라 보험료가 달라집니다.

**3. 보험료 인상에 대한 대응 방법:**

*   **보험사 비교 견적:** 여러 보험사의 견적을 비교하여 가장 유리한 조건을 제시하는 보험사를 선택하는 것이 좋습니다.
*   **할인 조건 활용:** 무사고 경력, 블랙박스 장착, 안전 장치 장착 등 다양한 할인 조건을 활용하여 보험료를 절약할 수 있습니다.
*   **보험료 할인 제도 확인:** 보험개발원에서 운영",141.14936900138855,512.0,42.0,554.0
,"건강보험료가 너무 높게 나왔는데, 이의신청은 어떻게 하나요? 받아들여질 가능성은 있나요?",gemma-3-12b-it-Q6_K,"[RAG 문서]
(keep '(근로자 이다 직업_종류와_관계없이_보수를_받아_생활하는_사람))

# NEO Knowledge Base Conversion System Prompt

## Introduction

The NEO knowledge base uses a structured list (S-expression) format to represent **facts** and **rules**, which are stored using a special `keep` command. In this format, each fact or rule is enclosed in parentheses as a list. **Rules** are expressed as two related lists sharing the same rule name: one list for the condition (preceded by `if`) and one for the conclusion (preceded by `then`). The system prompt will ensure that any Korean sentence input by a user is automatically converted into this NEO code format, following a strict set of guidelines. Below are the key requirements and conversion rules that the system prompt must enforce:

## Input Format: Korean Sentences

The input to the model will always be a natural language sentence in **Korean**. The system assumes the user’s query is given in Korean and is a simple declarative statement (either a factual statement or a general rule statement). For example, valid inputs might be `""펭귄은 새다""` (""Penguin is a bird"") or `""모든 새는 날 수 있다""` (""All birds can fly""). The prompt should explicitly note that it expects Korean sentences as input, with examples of the format.

## Output Format: NEO List Code

The model’s output **must be in NEO code**, i.e. in the form of lists (S-expressions) that represent the content of the sentence. The subject and predicate (and any object or complement) of the sentence are to be represented as a parenthesized list in the NEO syntax. In other words, the natural language input should be transformed into a **logical form list**. For example:

* Input `""펭귄은 새다""` (Penguin is a bird) should become the list `(펭귄 이다 새)`. Here `펭귄` (penguin) is the subject and `새` (bird) is the category or class, with the copula ""`이다`"" denoting the ""is-a"" relationship.
* Input `""제비는 날 수 있다""` (A swallow can fly) should become `(제비 can fly)`, representing that the subject *제비* (swallow) has the ability *fly*.

The prompt must ensure the output is **not natural language text** but strictly the NEO code representation of the sentence. All Korean entities and relations should be expressed in the list format using the appropriate symbols or English phrases as defined in the knowledge base. (For instance, the predicate `이다` is used for ""is a"" relations, and the phrase `can fly` is used to denote the ability ""날 수 있다"". Other abilities or relations may similarly be represented with English phrases for consistency.)

## Representing Facts with `keep`

If the input sentence is a **simple fact statement**, it should be output as a list wrapped with the `keep` command. A fact here means a basic statement that some individual has some property or belongs to some category (e.g. ""A is B"", or ""A can do X""). Since each fact is a unit of knowledge to be stored in the knowledge base, the `keep` command is used to save it. The general form is:

```
(keep '(...))
```

where the `...` is the list representing the fact. For example:

* Input: **""펭귄은 새다""** – a factual statement that a penguin is a bird.
  **Output:** `(keep '(펭귄 이다 새))`.
* Input: **""제비는 날 수 있다""** – a factual statement about a swallow’s ability.
  **Output:** `(keep '(제비 can fly))`.

In these outputs, the inner list `'(펭귄 이다 새)` or `'(제비 can fly)` is the actual knowledge being expressed, and the `keep '(... )` wrapper instructs NEO to store that fact in the knowledge base. No additional text or explanation accompanies the output – it is purely the code needed to record the fact.

## Representing Rules with If/Then Structure

If the input sentence expresses a **general rule or a conditional statement** (for example, sentences that imply ""all X have property Y"" or ""if X, then Y""), it must be converted into an **if/then rule structure** in NEO. Such a rule is represented by two lists: one for the **antecedent** (condition) and one for the **consequent** (result), each preceded by a shared rule name symbol. The conversion guidelines for rules are as follows:

* **Rule Naming:** Each rule is given a unique name, like `rule1`, `rule2`, etc. The rule name is consistent across the two parts of the rule, linking the `if` part and the `then` part as one rule. The prompt should specify that rule names are to be generated sequentially for each new rule sentence (e.g., the first rule encountered is rule1, the next rule2, and so on).

* **If (Condition) Part:** The condition of the rule corresponds to the premise of the natural sentence. This should be represented in a list following the `if` keyword. Each condition within the premise is converted to a list, using a variable in place of the specific subject. If the natural language implies multiple conditions, all those condition lists are included in the same `if` clause. For example, the sentence **""모든 새는 날 수 있다""** (""All birds can fly"") has the implicit premise ""if something is a bird"" – this is converted to the condition list `(?x 이다 새)` (where `?x` stands for an arbitrary instance of ""bird""). Another example, **""날 수 있는 동물은 새이다""** (""Any animal that can fly is a bird""), has a compound premise ""if something is an animal **and** (it) can fly"" – this yields two condition lists `(?x 이다 동물)` and `(?x can fly)` under the `if` clause. These condition lists are grouped together after the `if` in the rule.

* **Then (Conclusion) Part:** The conclusion of the rule is represented as a list following the `then` keyword, reflecting the outcome that holds when the condition is true. If there are multiple conclusions in the sentence, each would be listed in the `then` clause (though commonly there's one main conclusion). In our examples, for **""모든 새는 날 수 있다""**, the conclusion is that the entity can fly, represented as `(?x can fly)`. For **""날 수 있는 동물은 새이다""**, the conclusion is that the entity is a bird, represented as `(?x 이다 새)`. These follow the `then` in the rule.

* **Example – Complete Rule Conversion:**
  *Input:* ""모든 새는 날 수 있다.""
  *Output:*

  ```plaintext
  (keep '(rule1 if (?x 이다 새)))  
  (keep '(rule1 then (?x can fly)))  
  ```

  This corresponds to: If `?x` is a bird, **then** `?x` can fly. Both lines share the rule name `rule1`.
  *Another Input:* ""날 수 있는 동물은 새이다.""
  *Output:*

  ```plaintext
  (keep '(rule2 if (?x 이다 동물) (?x can fly)))  
  (keep '(rule2 then (?x 이다 새)))  
  ```

  This corresponds to: If `?x` is an animal **and** `?x` can fly, **then** `?x` is a bird. Here `rule2` is used for this second rule.

* **Use of Multiple Conditions/Conclusions:** NEO allows multiple conditions in the `if` part or multiple conclusions in the `then` part of a single rule if the sentence contains a compound premise or multiple outcomes. In the code, this is done by listing multiple condition lists after the `if` (and similarly multiple conclusion lists after the `then` if needed) within the same rule structure. The above example of the flying animal demonstrates multiple conditions in the `if` clause. If a sentence had multiple conclusions (e.g., ""If X, then Y and Z""), the `then` part would list both conclusion lists. The system prompt should mention that the model may encounter such cases and how to handle them (by including all relevant condition or conclusion lists after the appropriate keyword).

## Using Variables for General Statements

When converting general statements or rules, the prompt must enforce the use of **variables** like `?x`, `?y` in place of specific subjects or objects. These **binding variables** represent arbitrary instances of a concept in rules. The guideline is that the **same entity** mentioned in both the condition and conclusion of a rule should be represented by the **same variable** throughout that rule, to indicate they refer to the same thing. Different entities in the same sentence should use different variables (`?x`, `?y`, `?z`, etc.) as needed.

For example, in **""모든 새는 날 수 있다""**, an unspecified bird is represented as `?x` in both the `if` part (`(?x 이다 새)`) and the `then` part (`(?x can fly)`), linking the condition and conclusion to the same generic entity. The prompt should clearly instruct that the model replace concrete nouns with variables in rules, maintaining consistency (one variable per unique entity). In simple fact statements (like ""펭귄은 새다""), variables are not needed because the statement is about a specific individual (penguin), so the actual noun is used directly in the list.

## Output Restrictions: Code Only, No Explanatory Text

Critically, the system prompt must make it clear that **the model’s answer should contain only the converted NEO code, and nothing else**. This means the model should **not** produce any natural language explanation, comments, or additional clarification aside from the code itself. The output should be formatted as a snippet of code, ideally in a code block, containing one or more lines of NEO expressions. Each line should be a single complete `(keep '(...))` statement, and no line should contain anything outside of the parentheses besides the `keep` prefix. There should be no extra lines or blank lines either – just the code representation. For instance, if the input is ""펭귄은 새다"", the model’s entire answer should be something like:

```plaintext
(keep '(펭귄 이다 새))
```

Nothing before or after this line, no greeting, no explanation of what it means – only the code. Even if multiple lines are needed (as in the case of a rule with two lines), the response should still consist solely of those code lines, each properly formatted, and presented in a code block format for clarity. The prompt should explicitly warn the model *not* to output translations, descriptions, or any text except the NEO code itself.

## Scope Limitations and Exceptions

Finally, the system prompt should clarify that it deals **only with straightforward factual and rule-based sentences**. More complex or advanced sentences that go beyond simple facts or general implications are **out of scope** for this conversion. This includes things like function or object definitions in code, highly complex conditional statements, or any form of sentence that doesn’t fit the pattern of a basic assertion or a general rule. The prompt can assume that users will not provide such unsupported inputs. Therefore, the conversion rules above focus on common knowledge statements (facts) and general rules (universal statements or simple conditionals), and the model does not need to handle programming constructs or overly complicated sentences. By limiting the scope, the system ensures more accurate conversions for the intended types of input.

**In summary,** the system prompt must instruct the model to: take a Korean sentence, identify whether it states a simple fact or a general rule, then output the corresponding NEO knowledge base code using the correct list format. It should enforce the use of `keep` for storing facts, `if/then` structure with variables for rules, and strictly produce the code without any extra commentary. By adhering to all the above guidelines, the AI will consistently transform user inputs into the proper NEO knowledge base representation, enabling seamless building of a knowledge base from natural language statements.


---

## Output Restrictions: Code Only, No Explanatory Text

Critically, the system prompt must make it clear that **the model’s answer should contain only the converted NEO code, and nothing else**.
**Under no circumstances should the model output any natural language text, explanation, greeting, summary, translation, comment, or meta content. Only valid NEO code lines must be produced. Any non-code output is strictly prohibited.**

The output must consist of one or more lines of NEO expressions such as:

```plaintext
(keep '(펭귄 이다 새))
```

Each line must be a valid NEO expression using `(keep '(...))` or `(keep '(ruleN if ...))` / `(keep '(ruleN then ...))`.
No additional text, spacing, or context should appear before, after, or between these expressions.

---",제도_이용_및_확인질문,0,1,N/A,N/A,N/A,"건강보험료가 높게 나온 경우, 이의신청을 통해 보험료를 조정받을 수 있습니다. 이의신청 절차와 가능성에 대해 자세히 알아보겠습니다.

**1. 이의신청 절차**

*   **이의신청 기한:** 건강보험료 부과 고지서 수령일로부터 60일 이내에 신청해야 합니다.
*   **신청 방법:**
    *   **온라인:** 국민건강보험공단 홈페이지 ([https://www.nhis.or.kr/](https://www.nhis.or.kr/)) 또는 건강보험공단 앱 '건강보험똑똑'을 통해 신청할 수 있습니다.
    *   **방문:** 가까운 건강보험공단 지사 또는 주민센터에 방문하여 신청할 수 있습니다.
    *   **우편:** 건강보험공단에 우편으로 신청할 수도 있습니다.
*   **필요 서류:**
    *   이의신청서 (건강보험공단에서 제공)
    *   보험료 산정 내역에 대한 이의를 제기하는 내용 (예: 소득 정보 오류, 피부양자 변경 누락 등)
    *   이의신청 내용과 관련된 증빙 서류 (예: 소득 증빙 서류, 피부양자 관계 증명 서류 등)

**2. 이의신청 가능성**

이의신청이 받아들여질 가능성은 다음과 같은 경우에 높습니다.

*   **소득 정보 오류:** 소득 정보가 잘못 적용되어 보험료가 산정된 경우 (예: 퇴사 후에도 소득이 반영된 경우, 소득 감소 후에도 이전 소득이 반영된 경우 등)
*   **피부양자 변경 누락:** 피부양자 정보가 변경되었음에도 불구하고 건강보험공단에 미통보하여 보험료가 조정되지 않은 경우
*   **사업자 등록 정보 오류:** 사업자 등록 정보가 잘못 적용되어 보험료가 산정된 경우
*   **취업/퇴사 정보 오류:** 취업 또는 퇴사 정보가 잘못 적용되어 보험료가 산정된 경우
*   **단기 파견/인턴 근무:** 단기 파견 또는 인턴 근무로 인해 보험료가 중복으로 부과된 경우

**3. 이의신",143.26157116889954,512.0,38.0,550.0
,"부모님을 피부양자로 등록했는데, 매년 자격을 다시 확인해야 하나요?",gemma-3-12b-it-Q6_K,"[RAG 문서]
(keep '(근로자 이다 직업_종류와_관계없이_보수를_받아_생활하는_사람))

# NEO Knowledge Base Conversion System Prompt

## Introduction

The NEO knowledge base uses a structured list (S-expression) format to represent **facts** and **rules**, which are stored using a special `keep` command. In this format, each fact or rule is enclosed in parentheses as a list. **Rules** are expressed as two related lists sharing the same rule name: one list for the condition (preceded by `if`) and one for the conclusion (preceded by `then`). The system prompt will ensure that any Korean sentence input by a user is automatically converted into this NEO code format, following a strict set of guidelines. Below are the key requirements and conversion rules that the system prompt must enforce:

## Input Format: Korean Sentences

The input to the model will always be a natural language sentence in **Korean**. The system assumes the user’s query is given in Korean and is a simple declarative statement (either a factual statement or a general rule statement). For example, valid inputs might be `""펭귄은 새다""` (""Penguin is a bird"") or `""모든 새는 날 수 있다""` (""All birds can fly""). The prompt should explicitly note that it expects Korean sentences as input, with examples of the format.

## Output Format: NEO List Code

The model’s output **must be in NEO code**, i.e. in the form of lists (S-expressions) that represent the content of the sentence. The subject and predicate (and any object or complement) of the sentence are to be represented as a parenthesized list in the NEO syntax. In other words, the natural language input should be transformed into a **logical form list**. For example:

* Input `""펭귄은 새다""` (Penguin is a bird) should become the list `(펭귄 이다 새)`. Here `펭귄` (penguin) is the subject and `새` (bird) is the category or class, with the copula ""`이다`"" denoting the ""is-a"" relationship.
* Input `""제비는 날 수 있다""` (A swallow can fly) should become `(제비 can fly)`, representing that the subject *제비* (swallow) has the ability *fly*.

The prompt must ensure the output is **not natural language text** but strictly the NEO code representation of the sentence. All Korean entities and relations should be expressed in the list format using the appropriate symbols or English phrases as defined in the knowledge base. (For instance, the predicate `이다` is used for ""is a"" relations, and the phrase `can fly` is used to denote the ability ""날 수 있다"". Other abilities or relations may similarly be represented with English phrases for consistency.)

## Representing Facts with `keep`

If the input sentence is a **simple fact statement**, it should be output as a list wrapped with the `keep` command. A fact here means a basic statement that some individual has some property or belongs to some category (e.g. ""A is B"", or ""A can do X""). Since each fact is a unit of knowledge to be stored in the knowledge base, the `keep` command is used to save it. The general form is:

```
(keep '(...))
```

where the `...` is the list representing the fact. For example:

* Input: **""펭귄은 새다""** – a factual statement that a penguin is a bird.
  **Output:** `(keep '(펭귄 이다 새))`.
* Input: **""제비는 날 수 있다""** – a factual statement about a swallow’s ability.
  **Output:** `(keep '(제비 can fly))`.

In these outputs, the inner list `'(펭귄 이다 새)` or `'(제비 can fly)` is the actual knowledge being expressed, and the `keep '(... )` wrapper instructs NEO to store that fact in the knowledge base. No additional text or explanation accompanies the output – it is purely the code needed to record the fact.

## Representing Rules with If/Then Structure

If the input sentence expresses a **general rule or a conditional statement** (for example, sentences that imply ""all X have property Y"" or ""if X, then Y""), it must be converted into an **if/then rule structure** in NEO. Such a rule is represented by two lists: one for the **antecedent** (condition) and one for the **consequent** (result), each preceded by a shared rule name symbol. The conversion guidelines for rules are as follows:

* **Rule Naming:** Each rule is given a unique name, like `rule1`, `rule2`, etc. The rule name is consistent across the two parts of the rule, linking the `if` part and the `then` part as one rule. The prompt should specify that rule names are to be generated sequentially for each new rule sentence (e.g., the first rule encountered is rule1, the next rule2, and so on).

* **If (Condition) Part:** The condition of the rule corresponds to the premise of the natural sentence. This should be represented in a list following the `if` keyword. Each condition within the premise is converted to a list, using a variable in place of the specific subject. If the natural language implies multiple conditions, all those condition lists are included in the same `if` clause. For example, the sentence **""모든 새는 날 수 있다""** (""All birds can fly"") has the implicit premise ""if something is a bird"" – this is converted to the condition list `(?x 이다 새)` (where `?x` stands for an arbitrary instance of ""bird""). Another example, **""날 수 있는 동물은 새이다""** (""Any animal that can fly is a bird""), has a compound premise ""if something is an animal **and** (it) can fly"" – this yields two condition lists `(?x 이다 동물)` and `(?x can fly)` under the `if` clause. These condition lists are grouped together after the `if` in the rule.

* **Then (Conclusion) Part:** The conclusion of the rule is represented as a list following the `then` keyword, reflecting the outcome that holds when the condition is true. If there are multiple conclusions in the sentence, each would be listed in the `then` clause (though commonly there's one main conclusion). In our examples, for **""모든 새는 날 수 있다""**, the conclusion is that the entity can fly, represented as `(?x can fly)`. For **""날 수 있는 동물은 새이다""**, the conclusion is that the entity is a bird, represented as `(?x 이다 새)`. These follow the `then` in the rule.

* **Example – Complete Rule Conversion:**
  *Input:* ""모든 새는 날 수 있다.""
  *Output:*

  ```plaintext
  (keep '(rule1 if (?x 이다 새)))  
  (keep '(rule1 then (?x can fly)))  
  ```

  This corresponds to: If `?x` is a bird, **then** `?x` can fly. Both lines share the rule name `rule1`.
  *Another Input:* ""날 수 있는 동물은 새이다.""
  *Output:*

  ```plaintext
  (keep '(rule2 if (?x 이다 동물) (?x can fly)))  
  (keep '(rule2 then (?x 이다 새)))  
  ```

  This corresponds to: If `?x` is an animal **and** `?x` can fly, **then** `?x` is a bird. Here `rule2` is used for this second rule.

* **Use of Multiple Conditions/Conclusions:** NEO allows multiple conditions in the `if` part or multiple conclusions in the `then` part of a single rule if the sentence contains a compound premise or multiple outcomes. In the code, this is done by listing multiple condition lists after the `if` (and similarly multiple conclusion lists after the `then` if needed) within the same rule structure. The above example of the flying animal demonstrates multiple conditions in the `if` clause. If a sentence had multiple conclusions (e.g., ""If X, then Y and Z""), the `then` part would list both conclusion lists. The system prompt should mention that the model may encounter such cases and how to handle them (by including all relevant condition or conclusion lists after the appropriate keyword).

## Using Variables for General Statements

When converting general statements or rules, the prompt must enforce the use of **variables** like `?x`, `?y` in place of specific subjects or objects. These **binding variables** represent arbitrary instances of a concept in rules. The guideline is that the **same entity** mentioned in both the condition and conclusion of a rule should be represented by the **same variable** throughout that rule, to indicate they refer to the same thing. Different entities in the same sentence should use different variables (`?x`, `?y`, `?z`, etc.) as needed.

For example, in **""모든 새는 날 수 있다""**, an unspecified bird is represented as `?x` in both the `if` part (`(?x 이다 새)`) and the `then` part (`(?x can fly)`), linking the condition and conclusion to the same generic entity. The prompt should clearly instruct that the model replace concrete nouns with variables in rules, maintaining consistency (one variable per unique entity). In simple fact statements (like ""펭귄은 새다""), variables are not needed because the statement is about a specific individual (penguin), so the actual noun is used directly in the list.

## Output Restrictions: Code Only, No Explanatory Text

Critically, the system prompt must make it clear that **the model’s answer should contain only the converted NEO code, and nothing else**. This means the model should **not** produce any natural language explanation, comments, or additional clarification aside from the code itself. The output should be formatted as a snippet of code, ideally in a code block, containing one or more lines of NEO expressions. Each line should be a single complete `(keep '(...))` statement, and no line should contain anything outside of the parentheses besides the `keep` prefix. There should be no extra lines or blank lines either – just the code representation. For instance, if the input is ""펭귄은 새다"", the model’s entire answer should be something like:

```plaintext
(keep '(펭귄 이다 새))
```

Nothing before or after this line, no greeting, no explanation of what it means – only the code. Even if multiple lines are needed (as in the case of a rule with two lines), the response should still consist solely of those code lines, each properly formatted, and presented in a code block format for clarity. The prompt should explicitly warn the model *not* to output translations, descriptions, or any text except the NEO code itself.

## Scope Limitations and Exceptions

Finally, the system prompt should clarify that it deals **only with straightforward factual and rule-based sentences**. More complex or advanced sentences that go beyond simple facts or general implications are **out of scope** for this conversion. This includes things like function or object definitions in code, highly complex conditional statements, or any form of sentence that doesn’t fit the pattern of a basic assertion or a general rule. The prompt can assume that users will not provide such unsupported inputs. Therefore, the conversion rules above focus on common knowledge statements (facts) and general rules (universal statements or simple conditionals), and the model does not need to handle programming constructs or overly complicated sentences. By limiting the scope, the system ensures more accurate conversions for the intended types of input.

**In summary,** the system prompt must instruct the model to: take a Korean sentence, identify whether it states a simple fact or a general rule, then output the corresponding NEO knowledge base code using the correct list format. It should enforce the use of `keep` for storing facts, `if/then` structure with variables for rules, and strictly produce the code without any extra commentary. By adhering to all the above guidelines, the AI will consistently transform user inputs into the proper NEO knowledge base representation, enabling seamless building of a knowledge base from natural language statements.


---

## Output Restrictions: Code Only, No Explanatory Text

Critically, the system prompt must make it clear that **the model’s answer should contain only the converted NEO code, and nothing else**.
**Under no circumstances should the model output any natural language text, explanation, greeting, summary, translation, comment, or meta content. Only valid NEO code lines must be produced. Any non-code output is strictly prohibited.**

The output must consist of one or more lines of NEO expressions such as:

```plaintext
(keep '(펭귄 이다 새))
```

Each line must be a valid NEO expression using `(keep '(...))` or `(keep '(ruleN if ...))` / `(keep '(ruleN then ...))`.
No additional text, spacing, or context should appear before, after, or between these expressions.

---",제도_이용_및_확인질문,0,1,N/A,N/A,N/A,"네, 부모님을 피부양자로 등록한 경우, 매년 소득 및 재산 요건을 다시 확인해야 합니다. 피부양자 공제는 매년 세법에 따라 요건이 변동될 수 있으며, 부모님의 소득 및 재산 상황도 바뀔 수 있기 때문입니다.

**피부양자 공제 요건 (2024년 기준):**

*   **소득 요건:** 부모님의 연간 소득 합계액이 1,000만 원 이하 (이자, 배당금, 연금 등 모든 소득 포함)
*   **재산 요건:** 부모님의 연간 재산세 합계액이 5,000만 원 이하
*   **생계비 지원 요건:** 부모님에게 생계비를 정기적으로 지급해야 합니다. (피부양자 공제 신청 시 관련 증빙 필요)

**확인 방법:**

*   **국세청 연말정산 간소화 서비스:** 부모님의 소득 및 재산 정보를 확인하고, 피부양자 공제 신청 시 필요한 정보를 입력할 수 있습니다.
*   **부모님께 직접 확인:** 부모님의 소득 및 재산 상황을 직접 확인하고, 관련 증빙 자료를 준비합니다.

**주의사항:**

*   부모님의 소득 또는 재산 요건을 충족하지 못하는 경우, 피부양자 공제를 받을 수 없습니다.
*   피부양자 공제 요건을 충족하지 못하는 상태에서 피부양자 공제를 받은 경우, 세금을 추가로 납부해야 할 수 있습니다.
*   부모님과 주민등록 주소가 동일하지 않더라도 피부양자 공제를 받을 수 있지만, 부모님의 소득 및 재산 요건을 충족해야 합니다.

**참고 자료:**

*   국세청 연말정산 간소화 서비스: [https://www.hometax.go.kr/](https://www.hometax.go.kr/)
*   국세청 피부양자 공제 요건: [https://www.nts.go.kr/nts/cm/cntnts/cntntsView.do?mi=2202&cntntsId=7768](https://www.nts.go.kr/nts/cm/cntnts/cntnts",142.15439081192017,512.0,29.0,541.0
,"이번 달에 직장을 옮겼는데, 두 회사 모두에서 건강보험료가 빠져나갔어요. 중복 납부된 건 환급받을 수 있나요?",gemma-3-12b-it-Q6_K,"[RAG 문서]
(keep '(근로자 이다 직업_종류와_관계없이_보수를_받아_생활하는_사람))

# NEO Knowledge Base Conversion System Prompt

## Introduction

The NEO knowledge base uses a structured list (S-expression) format to represent **facts** and **rules**, which are stored using a special `keep` command. In this format, each fact or rule is enclosed in parentheses as a list. **Rules** are expressed as two related lists sharing the same rule name: one list for the condition (preceded by `if`) and one for the conclusion (preceded by `then`). The system prompt will ensure that any Korean sentence input by a user is automatically converted into this NEO code format, following a strict set of guidelines. Below are the key requirements and conversion rules that the system prompt must enforce:

## Input Format: Korean Sentences

The input to the model will always be a natural language sentence in **Korean**. The system assumes the user’s query is given in Korean and is a simple declarative statement (either a factual statement or a general rule statement). For example, valid inputs might be `""펭귄은 새다""` (""Penguin is a bird"") or `""모든 새는 날 수 있다""` (""All birds can fly""). The prompt should explicitly note that it expects Korean sentences as input, with examples of the format.

## Output Format: NEO List Code

The model’s output **must be in NEO code**, i.e. in the form of lists (S-expressions) that represent the content of the sentence. The subject and predicate (and any object or complement) of the sentence are to be represented as a parenthesized list in the NEO syntax. In other words, the natural language input should be transformed into a **logical form list**. For example:

* Input `""펭귄은 새다""` (Penguin is a bird) should become the list `(펭귄 이다 새)`. Here `펭귄` (penguin) is the subject and `새` (bird) is the category or class, with the copula ""`이다`"" denoting the ""is-a"" relationship.
* Input `""제비는 날 수 있다""` (A swallow can fly) should become `(제비 can fly)`, representing that the subject *제비* (swallow) has the ability *fly*.

The prompt must ensure the output is **not natural language text** but strictly the NEO code representation of the sentence. All Korean entities and relations should be expressed in the list format using the appropriate symbols or English phrases as defined in the knowledge base. (For instance, the predicate `이다` is used for ""is a"" relations, and the phrase `can fly` is used to denote the ability ""날 수 있다"". Other abilities or relations may similarly be represented with English phrases for consistency.)

## Representing Facts with `keep`

If the input sentence is a **simple fact statement**, it should be output as a list wrapped with the `keep` command. A fact here means a basic statement that some individual has some property or belongs to some category (e.g. ""A is B"", or ""A can do X""). Since each fact is a unit of knowledge to be stored in the knowledge base, the `keep` command is used to save it. The general form is:

```
(keep '(...))
```

where the `...` is the list representing the fact. For example:

* Input: **""펭귄은 새다""** – a factual statement that a penguin is a bird.
  **Output:** `(keep '(펭귄 이다 새))`.
* Input: **""제비는 날 수 있다""** – a factual statement about a swallow’s ability.
  **Output:** `(keep '(제비 can fly))`.

In these outputs, the inner list `'(펭귄 이다 새)` or `'(제비 can fly)` is the actual knowledge being expressed, and the `keep '(... )` wrapper instructs NEO to store that fact in the knowledge base. No additional text or explanation accompanies the output – it is purely the code needed to record the fact.

## Representing Rules with If/Then Structure

If the input sentence expresses a **general rule or a conditional statement** (for example, sentences that imply ""all X have property Y"" or ""if X, then Y""), it must be converted into an **if/then rule structure** in NEO. Such a rule is represented by two lists: one for the **antecedent** (condition) and one for the **consequent** (result), each preceded by a shared rule name symbol. The conversion guidelines for rules are as follows:

* **Rule Naming:** Each rule is given a unique name, like `rule1`, `rule2`, etc. The rule name is consistent across the two parts of the rule, linking the `if` part and the `then` part as one rule. The prompt should specify that rule names are to be generated sequentially for each new rule sentence (e.g., the first rule encountered is rule1, the next rule2, and so on).

* **If (Condition) Part:** The condition of the rule corresponds to the premise of the natural sentence. This should be represented in a list following the `if` keyword. Each condition within the premise is converted to a list, using a variable in place of the specific subject. If the natural language implies multiple conditions, all those condition lists are included in the same `if` clause. For example, the sentence **""모든 새는 날 수 있다""** (""All birds can fly"") has the implicit premise ""if something is a bird"" – this is converted to the condition list `(?x 이다 새)` (where `?x` stands for an arbitrary instance of ""bird""). Another example, **""날 수 있는 동물은 새이다""** (""Any animal that can fly is a bird""), has a compound premise ""if something is an animal **and** (it) can fly"" – this yields two condition lists `(?x 이다 동물)` and `(?x can fly)` under the `if` clause. These condition lists are grouped together after the `if` in the rule.

* **Then (Conclusion) Part:** The conclusion of the rule is represented as a list following the `then` keyword, reflecting the outcome that holds when the condition is true. If there are multiple conclusions in the sentence, each would be listed in the `then` clause (though commonly there's one main conclusion). In our examples, for **""모든 새는 날 수 있다""**, the conclusion is that the entity can fly, represented as `(?x can fly)`. For **""날 수 있는 동물은 새이다""**, the conclusion is that the entity is a bird, represented as `(?x 이다 새)`. These follow the `then` in the rule.

* **Example – Complete Rule Conversion:**
  *Input:* ""모든 새는 날 수 있다.""
  *Output:*

  ```plaintext
  (keep '(rule1 if (?x 이다 새)))  
  (keep '(rule1 then (?x can fly)))  
  ```

  This corresponds to: If `?x` is a bird, **then** `?x` can fly. Both lines share the rule name `rule1`.
  *Another Input:* ""날 수 있는 동물은 새이다.""
  *Output:*

  ```plaintext
  (keep '(rule2 if (?x 이다 동물) (?x can fly)))  
  (keep '(rule2 then (?x 이다 새)))  
  ```

  This corresponds to: If `?x` is an animal **and** `?x` can fly, **then** `?x` is a bird. Here `rule2` is used for this second rule.

* **Use of Multiple Conditions/Conclusions:** NEO allows multiple conditions in the `if` part or multiple conclusions in the `then` part of a single rule if the sentence contains a compound premise or multiple outcomes. In the code, this is done by listing multiple condition lists after the `if` (and similarly multiple conclusion lists after the `then` if needed) within the same rule structure. The above example of the flying animal demonstrates multiple conditions in the `if` clause. If a sentence had multiple conclusions (e.g., ""If X, then Y and Z""), the `then` part would list both conclusion lists. The system prompt should mention that the model may encounter such cases and how to handle them (by including all relevant condition or conclusion lists after the appropriate keyword).

## Using Variables for General Statements

When converting general statements or rules, the prompt must enforce the use of **variables** like `?x`, `?y` in place of specific subjects or objects. These **binding variables** represent arbitrary instances of a concept in rules. The guideline is that the **same entity** mentioned in both the condition and conclusion of a rule should be represented by the **same variable** throughout that rule, to indicate they refer to the same thing. Different entities in the same sentence should use different variables (`?x`, `?y`, `?z`, etc.) as needed.

For example, in **""모든 새는 날 수 있다""**, an unspecified bird is represented as `?x` in both the `if` part (`(?x 이다 새)`) and the `then` part (`(?x can fly)`), linking the condition and conclusion to the same generic entity. The prompt should clearly instruct that the model replace concrete nouns with variables in rules, maintaining consistency (one variable per unique entity). In simple fact statements (like ""펭귄은 새다""), variables are not needed because the statement is about a specific individual (penguin), so the actual noun is used directly in the list.

## Output Restrictions: Code Only, No Explanatory Text

Critically, the system prompt must make it clear that **the model’s answer should contain only the converted NEO code, and nothing else**. This means the model should **not** produce any natural language explanation, comments, or additional clarification aside from the code itself. The output should be formatted as a snippet of code, ideally in a code block, containing one or more lines of NEO expressions. Each line should be a single complete `(keep '(...))` statement, and no line should contain anything outside of the parentheses besides the `keep` prefix. There should be no extra lines or blank lines either – just the code representation. For instance, if the input is ""펭귄은 새다"", the model’s entire answer should be something like:

```plaintext
(keep '(펭귄 이다 새))
```

Nothing before or after this line, no greeting, no explanation of what it means – only the code. Even if multiple lines are needed (as in the case of a rule with two lines), the response should still consist solely of those code lines, each properly formatted, and presented in a code block format for clarity. The prompt should explicitly warn the model *not* to output translations, descriptions, or any text except the NEO code itself.

## Scope Limitations and Exceptions

Finally, the system prompt should clarify that it deals **only with straightforward factual and rule-based sentences**. More complex or advanced sentences that go beyond simple facts or general implications are **out of scope** for this conversion. This includes things like function or object definitions in code, highly complex conditional statements, or any form of sentence that doesn’t fit the pattern of a basic assertion or a general rule. The prompt can assume that users will not provide such unsupported inputs. Therefore, the conversion rules above focus on common knowledge statements (facts) and general rules (universal statements or simple conditionals), and the model does not need to handle programming constructs or overly complicated sentences. By limiting the scope, the system ensures more accurate conversions for the intended types of input.

**In summary,** the system prompt must instruct the model to: take a Korean sentence, identify whether it states a simple fact or a general rule, then output the corresponding NEO knowledge base code using the correct list format. It should enforce the use of `keep` for storing facts, `if/then` structure with variables for rules, and strictly produce the code without any extra commentary. By adhering to all the above guidelines, the AI will consistently transform user inputs into the proper NEO knowledge base representation, enabling seamless building of a knowledge base from natural language statements.


---

## Output Restrictions: Code Only, No Explanatory Text

Critically, the system prompt must make it clear that **the model’s answer should contain only the converted NEO code, and nothing else**.
**Under no circumstances should the model output any natural language text, explanation, greeting, summary, translation, comment, or meta content. Only valid NEO code lines must be produced. Any non-code output is strictly prohibited.**

The output must consist of one or more lines of NEO expressions such as:

```plaintext
(keep '(펭귄 이다 새))
```

Each line must be a valid NEO expression using `(keep '(...))` or `(keep '(ruleN if ...))` / `(keep '(ruleN then ...))`.
No additional text, spacing, or context should appear before, after, or between these expressions.

---",제도_이용_및_확인질문,0,1,N/A,N/A,N/A,"네, 맞습니다. 이번 달에 직장을 옮기면서 두 회사 모두에서 건강보험료가 빠져나간 경우, 중복으로 납부된 보험료는 환급받을 수 있습니다.

**환급 절차**

1.  **중복 납부 확인:** 먼저 국민건강보험공단(국민건강보험 홈페이지 또는 앱)에 접속하여 본인의 건강보험 납부 내역을 확인합니다. 두 회사에서 각각 빠져나간 금액을 확인하여 중복 납부된 금액을 정확히 파악합니다.
2.  **환급 신청:**
    *   **국민건강보험공단 방문 또는 우편 신청:** 가까운 국민건강보험공단 지사를 방문하거나, 환급 신청서를 작성하여 우편으로 제출할 수 있습니다.
    *   **온라인 신청:** 국민건강보험 홈페이지 또는 앱에서 환급 신청을 할 수 있습니다. (본인 명의의 휴대폰 또는 공동인증서 필요)
3.  **필요 서류:**
    *   환급 신청서 (국민건강보험공단 홈페이지 또는 지사에서 다운로드 가능)
    *   두 회사에서 각각의 건강보험료 납부 증명서 (급여 명세서 등)
    *   신분증 사본

**주의사항**

*   환급 신청은 중복 납부가 발생한 사실을 확인한 후 가능한 한 빨리 하는 것이 좋습니다.
*   환급 절차 및 필요 서류는 상황에 따라 다소 변경될 수 있으므로, 국민건강보험공단에 문의하여 정확한 정보를 확인하는 것이 좋습니다.
*   환급받을 수 있는 기간은 일반적으로 중복 납부 사실이 확인된 날로부터 3년 이내입니다.

**문의처**

*   국민건강보험공단 고객센터: 1577-1000
*   국민건강보험공단 홈페이지: [https://www.nhis.or.kr/](https://www.nhis.or.kr/)

궁금한 점이 있다면 언제든지 다시 질문해주세요.",127.80134701728821,458.0,46.0,504.0
,"아르바이트를 두 군데에서 하고 있는데, 각각에서 4대보험을 공제하고 있어요. 이럴 경우 건강보험은 어떻게 적용되나요?",gemma-3-12b-it-Q6_K,"[RAG 문서]
(keep '(근로자 이다 직업_종류와_관계없이_보수를_받아_생활하는_사람))

# NEO Knowledge Base Conversion System Prompt

## Introduction

The NEO knowledge base uses a structured list (S-expression) format to represent **facts** and **rules**, which are stored using a special `keep` command. In this format, each fact or rule is enclosed in parentheses as a list. **Rules** are expressed as two related lists sharing the same rule name: one list for the condition (preceded by `if`) and one for the conclusion (preceded by `then`). The system prompt will ensure that any Korean sentence input by a user is automatically converted into this NEO code format, following a strict set of guidelines. Below are the key requirements and conversion rules that the system prompt must enforce:

## Input Format: Korean Sentences

The input to the model will always be a natural language sentence in **Korean**. The system assumes the user’s query is given in Korean and is a simple declarative statement (either a factual statement or a general rule statement). For example, valid inputs might be `""펭귄은 새다""` (""Penguin is a bird"") or `""모든 새는 날 수 있다""` (""All birds can fly""). The prompt should explicitly note that it expects Korean sentences as input, with examples of the format.

## Output Format: NEO List Code

The model’s output **must be in NEO code**, i.e. in the form of lists (S-expressions) that represent the content of the sentence. The subject and predicate (and any object or complement) of the sentence are to be represented as a parenthesized list in the NEO syntax. In other words, the natural language input should be transformed into a **logical form list**. For example:

* Input `""펭귄은 새다""` (Penguin is a bird) should become the list `(펭귄 이다 새)`. Here `펭귄` (penguin) is the subject and `새` (bird) is the category or class, with the copula ""`이다`"" denoting the ""is-a"" relationship.
* Input `""제비는 날 수 있다""` (A swallow can fly) should become `(제비 can fly)`, representing that the subject *제비* (swallow) has the ability *fly*.

The prompt must ensure the output is **not natural language text** but strictly the NEO code representation of the sentence. All Korean entities and relations should be expressed in the list format using the appropriate symbols or English phrases as defined in the knowledge base. (For instance, the predicate `이다` is used for ""is a"" relations, and the phrase `can fly` is used to denote the ability ""날 수 있다"". Other abilities or relations may similarly be represented with English phrases for consistency.)

## Representing Facts with `keep`

If the input sentence is a **simple fact statement**, it should be output as a list wrapped with the `keep` command. A fact here means a basic statement that some individual has some property or belongs to some category (e.g. ""A is B"", or ""A can do X""). Since each fact is a unit of knowledge to be stored in the knowledge base, the `keep` command is used to save it. The general form is:

```
(keep '(...))
```

where the `...` is the list representing the fact. For example:

* Input: **""펭귄은 새다""** – a factual statement that a penguin is a bird.
  **Output:** `(keep '(펭귄 이다 새))`.
* Input: **""제비는 날 수 있다""** – a factual statement about a swallow’s ability.
  **Output:** `(keep '(제비 can fly))`.

In these outputs, the inner list `'(펭귄 이다 새)` or `'(제비 can fly)` is the actual knowledge being expressed, and the `keep '(... )` wrapper instructs NEO to store that fact in the knowledge base. No additional text or explanation accompanies the output – it is purely the code needed to record the fact.

## Representing Rules with If/Then Structure

If the input sentence expresses a **general rule or a conditional statement** (for example, sentences that imply ""all X have property Y"" or ""if X, then Y""), it must be converted into an **if/then rule structure** in NEO. Such a rule is represented by two lists: one for the **antecedent** (condition) and one for the **consequent** (result), each preceded by a shared rule name symbol. The conversion guidelines for rules are as follows:

* **Rule Naming:** Each rule is given a unique name, like `rule1`, `rule2`, etc. The rule name is consistent across the two parts of the rule, linking the `if` part and the `then` part as one rule. The prompt should specify that rule names are to be generated sequentially for each new rule sentence (e.g., the first rule encountered is rule1, the next rule2, and so on).

* **If (Condition) Part:** The condition of the rule corresponds to the premise of the natural sentence. This should be represented in a list following the `if` keyword. Each condition within the premise is converted to a list, using a variable in place of the specific subject. If the natural language implies multiple conditions, all those condition lists are included in the same `if` clause. For example, the sentence **""모든 새는 날 수 있다""** (""All birds can fly"") has the implicit premise ""if something is a bird"" – this is converted to the condition list `(?x 이다 새)` (where `?x` stands for an arbitrary instance of ""bird""). Another example, **""날 수 있는 동물은 새이다""** (""Any animal that can fly is a bird""), has a compound premise ""if something is an animal **and** (it) can fly"" – this yields two condition lists `(?x 이다 동물)` and `(?x can fly)` under the `if` clause. These condition lists are grouped together after the `if` in the rule.

* **Then (Conclusion) Part:** The conclusion of the rule is represented as a list following the `then` keyword, reflecting the outcome that holds when the condition is true. If there are multiple conclusions in the sentence, each would be listed in the `then` clause (though commonly there's one main conclusion). In our examples, for **""모든 새는 날 수 있다""**, the conclusion is that the entity can fly, represented as `(?x can fly)`. For **""날 수 있는 동물은 새이다""**, the conclusion is that the entity is a bird, represented as `(?x 이다 새)`. These follow the `then` in the rule.

* **Example – Complete Rule Conversion:**
  *Input:* ""모든 새는 날 수 있다.""
  *Output:*

  ```plaintext
  (keep '(rule1 if (?x 이다 새)))  
  (keep '(rule1 then (?x can fly)))  
  ```

  This corresponds to: If `?x` is a bird, **then** `?x` can fly. Both lines share the rule name `rule1`.
  *Another Input:* ""날 수 있는 동물은 새이다.""
  *Output:*

  ```plaintext
  (keep '(rule2 if (?x 이다 동물) (?x can fly)))  
  (keep '(rule2 then (?x 이다 새)))  
  ```

  This corresponds to: If `?x` is an animal **and** `?x` can fly, **then** `?x` is a bird. Here `rule2` is used for this second rule.

* **Use of Multiple Conditions/Conclusions:** NEO allows multiple conditions in the `if` part or multiple conclusions in the `then` part of a single rule if the sentence contains a compound premise or multiple outcomes. In the code, this is done by listing multiple condition lists after the `if` (and similarly multiple conclusion lists after the `then` if needed) within the same rule structure. The above example of the flying animal demonstrates multiple conditions in the `if` clause. If a sentence had multiple conclusions (e.g., ""If X, then Y and Z""), the `then` part would list both conclusion lists. The system prompt should mention that the model may encounter such cases and how to handle them (by including all relevant condition or conclusion lists after the appropriate keyword).

## Using Variables for General Statements

When converting general statements or rules, the prompt must enforce the use of **variables** like `?x`, `?y` in place of specific subjects or objects. These **binding variables** represent arbitrary instances of a concept in rules. The guideline is that the **same entity** mentioned in both the condition and conclusion of a rule should be represented by the **same variable** throughout that rule, to indicate they refer to the same thing. Different entities in the same sentence should use different variables (`?x`, `?y`, `?z`, etc.) as needed.

For example, in **""모든 새는 날 수 있다""**, an unspecified bird is represented as `?x` in both the `if` part (`(?x 이다 새)`) and the `then` part (`(?x can fly)`), linking the condition and conclusion to the same generic entity. The prompt should clearly instruct that the model replace concrete nouns with variables in rules, maintaining consistency (one variable per unique entity). In simple fact statements (like ""펭귄은 새다""), variables are not needed because the statement is about a specific individual (penguin), so the actual noun is used directly in the list.

## Output Restrictions: Code Only, No Explanatory Text

Critically, the system prompt must make it clear that **the model’s answer should contain only the converted NEO code, and nothing else**. This means the model should **not** produce any natural language explanation, comments, or additional clarification aside from the code itself. The output should be formatted as a snippet of code, ideally in a code block, containing one or more lines of NEO expressions. Each line should be a single complete `(keep '(...))` statement, and no line should contain anything outside of the parentheses besides the `keep` prefix. There should be no extra lines or blank lines either – just the code representation. For instance, if the input is ""펭귄은 새다"", the model’s entire answer should be something like:

```plaintext
(keep '(펭귄 이다 새))
```

Nothing before or after this line, no greeting, no explanation of what it means – only the code. Even if multiple lines are needed (as in the case of a rule with two lines), the response should still consist solely of those code lines, each properly formatted, and presented in a code block format for clarity. The prompt should explicitly warn the model *not* to output translations, descriptions, or any text except the NEO code itself.

## Scope Limitations and Exceptions

Finally, the system prompt should clarify that it deals **only with straightforward factual and rule-based sentences**. More complex or advanced sentences that go beyond simple facts or general implications are **out of scope** for this conversion. This includes things like function or object definitions in code, highly complex conditional statements, or any form of sentence that doesn’t fit the pattern of a basic assertion or a general rule. The prompt can assume that users will not provide such unsupported inputs. Therefore, the conversion rules above focus on common knowledge statements (facts) and general rules (universal statements or simple conditionals), and the model does not need to handle programming constructs or overly complicated sentences. By limiting the scope, the system ensures more accurate conversions for the intended types of input.

**In summary,** the system prompt must instruct the model to: take a Korean sentence, identify whether it states a simple fact or a general rule, then output the corresponding NEO knowledge base code using the correct list format. It should enforce the use of `keep` for storing facts, `if/then` structure with variables for rules, and strictly produce the code without any extra commentary. By adhering to all the above guidelines, the AI will consistently transform user inputs into the proper NEO knowledge base representation, enabling seamless building of a knowledge base from natural language statements.


---

## Output Restrictions: Code Only, No Explanatory Text

Critically, the system prompt must make it clear that **the model’s answer should contain only the converted NEO code, and nothing else**.
**Under no circumstances should the model output any natural language text, explanation, greeting, summary, translation, comment, or meta content. Only valid NEO code lines must be produced. Any non-code output is strictly prohibited.**

The output must consist of one or more lines of NEO expressions such as:

```plaintext
(keep '(펭귄 이다 새))
```

Each line must be a valid NEO expression using `(keep '(...))` or `(keep '(ruleN if ...))` / `(keep '(ruleN then ...))`.
No additional text, spacing, or context should appear before, after, or between these expressions.

---",제도_이용_및_확인질문,0,1,N/A,N/A,N/A,"아르바이트 두 군데에서 각각 4대 보험이 공제되고 있다면, 건강보험은 다음과 같이 적용됩니다.

**1. 건강보험 가입자 유형:**

*   **지역가입자:** 두 아르바이트 모두에서 건강보험이 공제되고, 피부양자가 없는 경우 지역가입자로 분류될 가능성이 높습니다. 이 경우, 두 아르바이트에서 공제된 보험료를 합산하여 지역가입자 건강보험료가 부과됩니다.
*   **직장가입자:** 두 아르바이트 모두에서 직장가입자로 분류될 수 있습니다. 이 경우, 일반적으로 먼저 가입한 곳을 기준으로 건강보험 자격이 결정되며, 나중에 가입한 곳에서는 보험료만 공제하고 건강보험 자격은 이전 직장에서 유지됩니다.

**2. 건강보험료 산정:**

*   **지역가입자:** 소득에 따라 보험료가 산정됩니다. 두 아르바이트에서 얻는 소득을 합산하여 보험료가 결정됩니다.
*   **직장가입자:** 급여에 따라 보험료가 산정됩니다. 각 아르바이트에서 받는 급여를 기준으로 보험료가 결정됩니다.

**3. 건강보험 자격 관리:**

*   **정확한 정보 제공:** 각 아르바이트 업체에 정확한 건강보험 관련 정보를 제공해야 합니다. 예를 들어, 이미 다른 곳에서 직장가입자로 가입되어 있다는 사실을 알려야 합니다.
*   **국민건강보험공단 문의:** 건강보험 가입자 유형, 보험료 산정 방식 등에 대한 자세한 내용은 국민건강보험공단(1577-1000)에 문의하는 것이 가장 정확합니다.

**주의사항:**

*   **중복 가입 방지:** 건강보험은 중복 가입이 불가능합니다. 두 아르바이트 모두에서 건강보험이 공제되는 경우, 국민건강보험공단에 문의하여 정확한 가입자 유형을 확인하고 중복 가입을 방지해야 합니다.
*   **보험료 납부:** 건강보험료를 제때 납부해야 보험 혜택을 받을 수 있습니다.

**참고 자료:**

*   국민건강보험공단: [https://www.nhis.or.kr/](https://www.nh",142.12385201454163,512.0,44.0,556.0
,건강보험료 납부 내역을 연말정산용으로 확인하려면 어디서 확인하고 출력할 수 있나요?,gemma-3-12b-it-Q6_K,"[RAG 문서]
(keep '(근로자 이다 직업_종류와_관계없이_보수를_받아_생활하는_사람))

# NEO Knowledge Base Conversion System Prompt

## Introduction

The NEO knowledge base uses a structured list (S-expression) format to represent **facts** and **rules**, which are stored using a special `keep` command. In this format, each fact or rule is enclosed in parentheses as a list. **Rules** are expressed as two related lists sharing the same rule name: one list for the condition (preceded by `if`) and one for the conclusion (preceded by `then`). The system prompt will ensure that any Korean sentence input by a user is automatically converted into this NEO code format, following a strict set of guidelines. Below are the key requirements and conversion rules that the system prompt must enforce:

## Input Format: Korean Sentences

The input to the model will always be a natural language sentence in **Korean**. The system assumes the user’s query is given in Korean and is a simple declarative statement (either a factual statement or a general rule statement). For example, valid inputs might be `""펭귄은 새다""` (""Penguin is a bird"") or `""모든 새는 날 수 있다""` (""All birds can fly""). The prompt should explicitly note that it expects Korean sentences as input, with examples of the format.

## Output Format: NEO List Code

The model’s output **must be in NEO code**, i.e. in the form of lists (S-expressions) that represent the content of the sentence. The subject and predicate (and any object or complement) of the sentence are to be represented as a parenthesized list in the NEO syntax. In other words, the natural language input should be transformed into a **logical form list**. For example:

* Input `""펭귄은 새다""` (Penguin is a bird) should become the list `(펭귄 이다 새)`. Here `펭귄` (penguin) is the subject and `새` (bird) is the category or class, with the copula ""`이다`"" denoting the ""is-a"" relationship.
* Input `""제비는 날 수 있다""` (A swallow can fly) should become `(제비 can fly)`, representing that the subject *제비* (swallow) has the ability *fly*.

The prompt must ensure the output is **not natural language text** but strictly the NEO code representation of the sentence. All Korean entities and relations should be expressed in the list format using the appropriate symbols or English phrases as defined in the knowledge base. (For instance, the predicate `이다` is used for ""is a"" relations, and the phrase `can fly` is used to denote the ability ""날 수 있다"". Other abilities or relations may similarly be represented with English phrases for consistency.)

## Representing Facts with `keep`

If the input sentence is a **simple fact statement**, it should be output as a list wrapped with the `keep` command. A fact here means a basic statement that some individual has some property or belongs to some category (e.g. ""A is B"", or ""A can do X""). Since each fact is a unit of knowledge to be stored in the knowledge base, the `keep` command is used to save it. The general form is:

```
(keep '(...))
```

where the `...` is the list representing the fact. For example:

* Input: **""펭귄은 새다""** – a factual statement that a penguin is a bird.
  **Output:** `(keep '(펭귄 이다 새))`.
* Input: **""제비는 날 수 있다""** – a factual statement about a swallow’s ability.
  **Output:** `(keep '(제비 can fly))`.

In these outputs, the inner list `'(펭귄 이다 새)` or `'(제비 can fly)` is the actual knowledge being expressed, and the `keep '(... )` wrapper instructs NEO to store that fact in the knowledge base. No additional text or explanation accompanies the output – it is purely the code needed to record the fact.

## Representing Rules with If/Then Structure

If the input sentence expresses a **general rule or a conditional statement** (for example, sentences that imply ""all X have property Y"" or ""if X, then Y""), it must be converted into an **if/then rule structure** in NEO. Such a rule is represented by two lists: one for the **antecedent** (condition) and one for the **consequent** (result), each preceded by a shared rule name symbol. The conversion guidelines for rules are as follows:

* **Rule Naming:** Each rule is given a unique name, like `rule1`, `rule2`, etc. The rule name is consistent across the two parts of the rule, linking the `if` part and the `then` part as one rule. The prompt should specify that rule names are to be generated sequentially for each new rule sentence (e.g., the first rule encountered is rule1, the next rule2, and so on).

* **If (Condition) Part:** The condition of the rule corresponds to the premise of the natural sentence. This should be represented in a list following the `if` keyword. Each condition within the premise is converted to a list, using a variable in place of the specific subject. If the natural language implies multiple conditions, all those condition lists are included in the same `if` clause. For example, the sentence **""모든 새는 날 수 있다""** (""All birds can fly"") has the implicit premise ""if something is a bird"" – this is converted to the condition list `(?x 이다 새)` (where `?x` stands for an arbitrary instance of ""bird""). Another example, **""날 수 있는 동물은 새이다""** (""Any animal that can fly is a bird""), has a compound premise ""if something is an animal **and** (it) can fly"" – this yields two condition lists `(?x 이다 동물)` and `(?x can fly)` under the `if` clause. These condition lists are grouped together after the `if` in the rule.

* **Then (Conclusion) Part:** The conclusion of the rule is represented as a list following the `then` keyword, reflecting the outcome that holds when the condition is true. If there are multiple conclusions in the sentence, each would be listed in the `then` clause (though commonly there's one main conclusion). In our examples, for **""모든 새는 날 수 있다""**, the conclusion is that the entity can fly, represented as `(?x can fly)`. For **""날 수 있는 동물은 새이다""**, the conclusion is that the entity is a bird, represented as `(?x 이다 새)`. These follow the `then` in the rule.

* **Example – Complete Rule Conversion:**
  *Input:* ""모든 새는 날 수 있다.""
  *Output:*

  ```plaintext
  (keep '(rule1 if (?x 이다 새)))  
  (keep '(rule1 then (?x can fly)))  
  ```

  This corresponds to: If `?x` is a bird, **then** `?x` can fly. Both lines share the rule name `rule1`.
  *Another Input:* ""날 수 있는 동물은 새이다.""
  *Output:*

  ```plaintext
  (keep '(rule2 if (?x 이다 동물) (?x can fly)))  
  (keep '(rule2 then (?x 이다 새)))  
  ```

  This corresponds to: If `?x` is an animal **and** `?x` can fly, **then** `?x` is a bird. Here `rule2` is used for this second rule.

* **Use of Multiple Conditions/Conclusions:** NEO allows multiple conditions in the `if` part or multiple conclusions in the `then` part of a single rule if the sentence contains a compound premise or multiple outcomes. In the code, this is done by listing multiple condition lists after the `if` (and similarly multiple conclusion lists after the `then` if needed) within the same rule structure. The above example of the flying animal demonstrates multiple conditions in the `if` clause. If a sentence had multiple conclusions (e.g., ""If X, then Y and Z""), the `then` part would list both conclusion lists. The system prompt should mention that the model may encounter such cases and how to handle them (by including all relevant condition or conclusion lists after the appropriate keyword).

## Using Variables for General Statements

When converting general statements or rules, the prompt must enforce the use of **variables** like `?x`, `?y` in place of specific subjects or objects. These **binding variables** represent arbitrary instances of a concept in rules. The guideline is that the **same entity** mentioned in both the condition and conclusion of a rule should be represented by the **same variable** throughout that rule, to indicate they refer to the same thing. Different entities in the same sentence should use different variables (`?x`, `?y`, `?z`, etc.) as needed.

For example, in **""모든 새는 날 수 있다""**, an unspecified bird is represented as `?x` in both the `if` part (`(?x 이다 새)`) and the `then` part (`(?x can fly)`), linking the condition and conclusion to the same generic entity. The prompt should clearly instruct that the model replace concrete nouns with variables in rules, maintaining consistency (one variable per unique entity). In simple fact statements (like ""펭귄은 새다""), variables are not needed because the statement is about a specific individual (penguin), so the actual noun is used directly in the list.

## Output Restrictions: Code Only, No Explanatory Text

Critically, the system prompt must make it clear that **the model’s answer should contain only the converted NEO code, and nothing else**. This means the model should **not** produce any natural language explanation, comments, or additional clarification aside from the code itself. The output should be formatted as a snippet of code, ideally in a code block, containing one or more lines of NEO expressions. Each line should be a single complete `(keep '(...))` statement, and no line should contain anything outside of the parentheses besides the `keep` prefix. There should be no extra lines or blank lines either – just the code representation. For instance, if the input is ""펭귄은 새다"", the model’s entire answer should be something like:

```plaintext
(keep '(펭귄 이다 새))
```

Nothing before or after this line, no greeting, no explanation of what it means – only the code. Even if multiple lines are needed (as in the case of a rule with two lines), the response should still consist solely of those code lines, each properly formatted, and presented in a code block format for clarity. The prompt should explicitly warn the model *not* to output translations, descriptions, or any text except the NEO code itself.

## Scope Limitations and Exceptions

Finally, the system prompt should clarify that it deals **only with straightforward factual and rule-based sentences**. More complex or advanced sentences that go beyond simple facts or general implications are **out of scope** for this conversion. This includes things like function or object definitions in code, highly complex conditional statements, or any form of sentence that doesn’t fit the pattern of a basic assertion or a general rule. The prompt can assume that users will not provide such unsupported inputs. Therefore, the conversion rules above focus on common knowledge statements (facts) and general rules (universal statements or simple conditionals), and the model does not need to handle programming constructs or overly complicated sentences. By limiting the scope, the system ensures more accurate conversions for the intended types of input.

**In summary,** the system prompt must instruct the model to: take a Korean sentence, identify whether it states a simple fact or a general rule, then output the corresponding NEO knowledge base code using the correct list format. It should enforce the use of `keep` for storing facts, `if/then` structure with variables for rules, and strictly produce the code without any extra commentary. By adhering to all the above guidelines, the AI will consistently transform user inputs into the proper NEO knowledge base representation, enabling seamless building of a knowledge base from natural language statements.


---

## Output Restrictions: Code Only, No Explanatory Text

Critically, the system prompt must make it clear that **the model’s answer should contain only the converted NEO code, and nothing else**.
**Under no circumstances should the model output any natural language text, explanation, greeting, summary, translation, comment, or meta content. Only valid NEO code lines must be produced. Any non-code output is strictly prohibited.**

The output must consist of one or more lines of NEO expressions such as:

```plaintext
(keep '(펭귄 이다 새))
```

Each line must be a valid NEO expression using `(keep '(...))` or `(keep '(ruleN if ...))` / `(keep '(ruleN then ...))`.
No additional text, spacing, or context should appear before, after, or between these expressions.

---",제도_이용_및_확인질문,0,1,N/A,N/A,N/A,"건강보험료 납부 내역을 연말정산용으로 확인하고 출력하는 방법은 다음과 같습니다.

**1. 국민건강보험공단 홈페이지 또는 앱 이용:**

*   **홈페이지:** [https://www.nhis.or.kr/](https://www.nhis.or.kr/) 에 접속하여 회원 로그인 후, '마이보험' > '보험료납부확인서' 메뉴에서 확인 및 출력할 수 있습니다. 연말정산용으로 필요한 기간을 선택하여 출력 가능합니다.
*   **앱:** '국민건강보험' 앱을 설치하여 로그인 후, '보험료납부확인서' 메뉴에서 확인 및 출력할 수 있습니다.

**2. 공인인증서 또는 공동인증서(구 공인인증서) 필요:**

*   위 방법을 이용하려면 공인인증서 또는 공동인증서가 필요합니다.

**3. 건강보험공단 고객센터 문의:**

*   1577-1000으로 전화하여 연말정산용 건강보험료 납부확인서를 발급받을 수 있습니다.

**4. 지사 방문:**

*   국민건강보험공단 지사를 방문하여 직접 발급받을 수도 있습니다.

**참고:**

*   건강보험료 납부확인서는 연말정산 시 세액공제 혜택을 받기 위해 필요한 서류입니다.
*   홈페이지 또는 앱에서 출력하는 경우, 공인인증서로 발급받아야 세무서에서 인정받을 수 있습니다.
*   납부 내역이 궁금한 경우, 건강보험공단 홈페이지 또는 앱에서 '보험료납부' 메뉴를 통해 자세한 납부 내역을 확인할 수 있습니다.

궁금한 점이 있다면 언제든지 다시 질문해주세요.",109.0744276046753,401.0,36.0,437.0
